{
  "dashboard": {
    "title": "BThwani - Overview",
    "tags": [
      "bthwani",
      "overview"
    ],
    "timezone": "browser",
    "panels": [
      {
        "title": "RPS (Requests per Second)",
        "targets": [
          {
            "expr": "rate(http_requests_total[5m])",
            "legendFormat": "{{ method }} {{ path }}"
          }
        ],
        "type": "graph"
      },
      {
        "title": "Latency (P50, P95, P99)",
        "targets": [
          {
            "expr": "histogram_quantile(0.50, rate(http_request_duration_seconds_bucket[5m]))",
            "legendFormat": "P50"
          },
          {
            "expr": "histogram_quantile(0.95, rate(http_request_duration_seconds_bucket[5m]))",
            "legendFormat": "P95"
          },
          {
            "expr": "histogram_quantile(0.99, rate(http_request_duration_seconds_bucket[5m]))",
            "legendFormat": "P99"
          }
        ],
        "type": "graph"
      },
      {
        "title": "Error Rate",
        "targets": [
          {
            "expr": "rate(http_requests_total{status=~\"5..\"}[5m]) / rate(http_requests_total[5m])",
            "legendFormat": "5xx rate"
          }
        ],
        "type": "graph"
      },
      {
        "title": "Saturation - CPU",
        "targets": [
          {
            "expr": "rate(process_cpu_seconds_total[5m])",
            "legendFormat": "CPU usage"
          }
        ],
        "type": "graph"
      }
    ]
  }
}