method,path
DELETE,/er/assets/{id}
DELETE,/er/accounts/chart/{id}
PUT,/admin/onboarding-slides/{id}
POST,/admin/onboarding-slides
DELETE,/admin/onboarding-slides/{id}
PUT,/admin/pages/{id}
DELETE,/admin/pages/{id}
PUT,/admin/strings/{id}
POST,/admin/strings
DELETE,/admin/strings/{id}
PUT,/admin/home-layouts/{id}
POST,/admin/home-layouts
DELETE,/admin/home-layouts/{id}
DELETE,/admin/wallet/coupons/{id}
DELETE,/er/documents/{id}
GET,/er/documents/{id}/download
DELETE,/er/documents/bulk
GET,/er/documents/export
DELETE,/admin/drivers/leave-requests/{id}
DELETE,/admin/drivers/{id}
DELETE,/admin/drivers/shifts/{id}
DELETE,/admin/drivers/assets/{id}
DELETE,/employees/{id}
DELETE,/merchant/categories/{id}
DELETE,/merchant/attributes/{id}
GET,/delivery/order
DELETE,/er/payroll/{id}
POST,/admin/reports/generate
POST,/admin/reports/export/{id}/{id}
GET,/admin/reports/realtime
GET,/admin/wallet/settlements/export
DELETE,/admin/wallet/subscriptions/{id}
POST,/auth/forgot
POST,/auth/reset/verify
POST,/auth/reset
POST,/auth/verify-otp
DELETE,/delivery/cart/{id}
POST,/errands/order
GET,/errands/user/{id}
GET,/errands/{id}
GET,/errands/categories
GET,/errands/drivers/available
GET,/delivery/order/user/{id}
PATCH,/users/address/{id}
DELETE,/users/address/{id}
PATCH,/users/default-address
POST,/v2/wallet/coupons/apply
GET,/v2/wallet/coupons/my
GET,/v2/wallet/coupons/history
GET,/v2/wallet/subscriptions/my
GET,/delivery/categories
GET,/delivery/stores{id}
GET,/delivery/cart/user/{id}
GET,/delivery/cart/{id}
GET,/delivery/promotions/by-stores
POST,/events
GET,/groceries/catalog
PUT,/delivery/stores/{id}
