METHOD,PATH,SUMMARY,OPERATION_ID,TAGS
GET,/,"","",""
GET,/admin/dashboard,"لوحة التحكم - الإحصائيات العامة","","Admin"
GET,/admin/stats/today,"لوحة التحكم - الإحصائيات العامة","","Admin"
GET,/admin/stats/financial,"إحصائيات اليوم","","Admin"
GET,/admin/dashboard/orders-by-status,"الإحصائيات المالية","","Admin"
GET,/admin/dashboard/revenue,"الطلبات حسب الحالة","","Admin"
GET,/admin/dashboard/live-metrics,"المقاييس الحية","","Admin"
GET,/admin/drivers,"المقاييس الحية","","Admin"
GET,/admin/drivers/{id},"تفاصيل سائق محدد","","Admin"
GET,/admin/drivers/{id}/performance,"تفاصيل سائق محدد","","Admin"
GET,/admin/drivers/{id}/financials,"مالية السائق","","Admin"
POST,/admin/drivers/{id}/ban,"مالية السائق","","Admin"
POST,/admin/drivers/{id}/unban,"إلغاء حظر سائق","","Admin"
PATCH,/admin/drivers/{id}/adjust-balance,"إلغاء حظر سائق","","Admin"
GET,/admin/withdrawals,"جلب طلبات السحب","","Admin"
GET,/admin/withdrawals/pending,"طلبات السحب المعلقة","","Admin"
PATCH,/admin/withdrawals/{id}/approve,"طلبات السحب المعلقة","","Admin"
PATCH,/admin/withdrawals/{id}/reject,"رفض طلب سحب","","Admin"
GET,/admin/vendors/pending,"التجار المعلقين","","Admin"
POST,/admin/vendors/{id}/approve,"التجار المعلقين","","Admin"
POST,/admin/vendors/{id}/reject,"الموافقة على تاجر","","Admin"
POST,/admin/vendors/{id}/suspend,"رفض تاجر","","Admin"
GET,/admin/users,"جلب المستخدمين","","Admin"
GET,/admin/users/{id},"تفاصيل مستخدم","","Admin"
POST,/admin/users/{id}/ban,"تفاصيل مستخدم","","Admin"
POST,/admin/users/{id}/unban,"إلغاء حظر مستخدم","","Admin"
GET,/admin/reports/daily,"إلغاء حظر مستخدم","","Admin"
GET,/admin/drivers/{id}/attendance,"سجل حضور السائق","","Admin"
GET,/admin/drivers/attendance/summary,"سجل حضور السائق","","Admin"
POST,/admin/drivers/{id}/attendance/adjust,"ملخص الحضور لكل السائقين","","Admin"
GET,/admin/drivers/leave-requests,"طلبات الإجازات","","Admin"
PATCH,/admin/drivers/leave-requests/{id}/approve,"طلبات الإجازات","","Admin"
PATCH,/admin/drivers/leave-requests/{id}/reject,"الموافقة على طلب إجازة","","Admin"
GET,/admin/drivers/{id}/leave-balance,"رصيد إجازات السائق","","Admin"
PATCH,/admin/drivers/{id}/leave-balance/adjust,"رصيد إجازات السائق","","Admin"
GET,/admin/quality/metrics,"مقاييس الجودة","","Admin"
GET,/admin/settings,"إعدادات النظام","","Admin"
PATCH,/admin/settings,"إعدادات النظام","","Admin"
GET,/admin/settings/feature-flags,"تحديث الإعدادات","","Admin"
PATCH,/admin/settings/feature-flags/{flag},"أعلام الميزات","","Admin"
POST,/admin/backup/create,"إنشاء نسخة احتياطية","","Admin"
GET,/admin/backup/list,"قائمة النسخ الاحتياطية","","Admin"
POST,/admin/backup/{id}/restore,"قائمة النسخ الاحتياطية","","Admin"
GET,/admin/backup/{id}/download,"استعادة نسخة احتياطية","","Admin"
GET,/admin/data-deletion/requests,"تحميل نسخة احتياطية","","Admin"
PATCH,/admin/data-deletion/{id}/approve,"طلبات حذف البيانات","","Admin"
PATCH,/admin/data-deletion/{id}/reject,"الموافقة على حذف البيانات","","Admin"
GET,/admin/security/password-attempts,"محاولات كلمات المرور الفاشلة","","Admin"
POST,/admin/security/reset-password/{userId},"محاولات كلمات المرور الفاشلة","","Admin"
POST,/admin/security/unlock-account/{userId},"فتح حساب مقفل","","Admin"
GET,/admin/marketers,"جلب المسوقين الميدانيين","","Admin"
GET,/admin/marketers/{id},"جلب المسوقين الميدانيين","","Admin"
POST,/admin/marketers,"تفاصيل مسوق","","Admin"
PATCH,/admin/marketers/{id},"تحديث مسوق","","Admin"
GET,/admin/marketers/{id}/performance,"أداء المسوق","","Admin"
GET,/admin/marketers/{id}/stores,"متاجر المسوق","","Admin"
POST,/admin/marketers/{id}/activate,"متاجر المسوق","","Admin"
POST,/admin/marketers/{id}/deactivate,"تفعيل مسوق","","Admin"
GET,/admin/marketers/statistics,"إحصائيات المسوقين","","Admin"
GET,/admin/marketers/export,"إحصائيات المسوقين","","Admin"
GET,/admin/audit-logs,"سجلات المراجعة","","Admin"
GET,/admin/audit-logs/{id},"سجلات المراجعة","","Admin"
GET,/admin/system/health,"تفاصيل سجل مراجعة","","Admin"
GET,/admin/system/metrics,"صحة النظام","","Admin"
GET,/admin/database/stats,"مقاييس النظام","","Admin"
GET,/admin/orders/stats/by-city,"الطلبات حسب المدينة","","Admin"
GET,/admin/orders/stats/by-payment-method,"الطلبات حسب المدينة","","Admin"
GET,/admin/drivers/stats/by-status,"السائقين حسب الحالة","","Admin"
GET,/admin/users/{id}/orders-history,"سجل طلبات المستخدم","","Admin"
POST,/admin/cache/clear,"مسح الكاش","","Admin"
GET,/admin/cache/stats,"مسح الكاش","","Admin"
GET,/admin/roles,"إحصائيات الكاش","","Admin"
POST,/admin/roles,"الأدوار","","Admin"
PATCH,/admin/roles/{id},"إنشاء دور","","Admin"
POST,/akhdimni/errands/calculate-fee,"حساب رسوم المهمة قبل إنشائها","","Akhdimni"
POST,/akhdimni/errands,"حساب رسوم المهمة قبل إنشائها","","Akhdimni"
GET,/akhdimni/my-errands,"إنشاء طلب مهمة (أخدمني)","","Akhdimni"
GET,/akhdimni/errands/{id},"طلباتي من أخدمني","","Akhdimni"
PATCH,/akhdimni/errands/{id}/cancel,"الحصول على طلب محدد","","Akhdimni"
POST,/akhdimni/errands/{id}/rate,"إلغاء طلب","","Akhdimni"
GET,/akhdimni/driver/my-errands,"تقييم المهمة","","Akhdimni"
PATCH,/akhdimni/errands/{id}/status,"مهماتي كسائق","","Akhdimni"
GET,/akhdimni/admin/errands,"تحديث حالة المهمة (سائق)","","Akhdimni"
POST,/akhdimni/admin/errands/{id}/assign-driver,"كل طلبات أخدمني (إدارة)","","Akhdimni"
GET,/analytics/roas/daily,"ROAS اليومي","","Analytics"
GET,/analytics/roas/summary,"ملخص ROAS","","Analytics"
GET,/analytics/roas/by-platform,"ROAS حسب المنصة","","Analytics"
POST,/analytics/roas/calculate,"حساب ROAS","","Analytics"
POST,/analytics/adspend,"حساب ROAS","","Analytics"
GET,/analytics/adspend,"الإنفاق الإعلاني","","Analytics"
GET,/analytics/adspend/summary,"ملخص الإنفاق الإعلاني","","Analytics"
GET,/analytics/kpis,"مؤشرات الأداء الرئيسية","","Analytics"
GET,/analytics/kpis/real-time,"مؤشرات الأداء الحية","","Analytics"
GET,/analytics/kpis/trends,"مؤشرات الأداء الحية","","Analytics"
POST,/analytics/events/track,"تتبع حدث تسويقي","","Analytics"
GET,/analytics/events,"الأحداث التسويقية","","Analytics"
GET,/analytics/events/summary,"ملخص الأحداث","","Analytics"
GET,/analytics/funnel/conversion,"قمع التحويل","","Analytics"
GET,/analytics/funnel/drop-off,"نقاط الانسحاب","","Analytics"
GET,/analytics/users/growth,"نقاط الانسحاب","","Analytics"
GET,/analytics/users/retention,"نمو المستخدمين","","Analytics"
GET,/analytics/users/cohort,"معدل الاحتفاظ","","Analytics"
GET,/analytics/revenue/forecast,"تحليل الأفواج","","Analytics"
GET,/analytics/revenue/breakdown,"توقعات الإيرادات","","Analytics"
GET,/analytics/advanced/dashboard-overview,"نظرة عامة متقدمة","","Analytics"
GET,/analytics/advanced/cohort-analysis-advanced,"تحليل المجموعات المتقدم","","Analytics"
GET,/analytics/advanced/funnel-analysis,"تحليل المجموعات المتقدم","","Analytics"
GET,/analytics/advanced/retention,"تحليل القمع","","Analytics"
GET,/analytics/advanced/ltv,"معدل الاحتفاظ","","Analytics"
GET,/analytics/advanced/churn-rate,"القيمة الدائمة للعميل","","Analytics"
GET,/analytics/advanced/geographic-distribution,"معدل التراجع","","Analytics"
GET,/analytics/advanced/peak-hours,"التوزيع الجغرافي","","Analytics"
GET,/analytics/advanced/product-performance,"ساعات الذروة","","Analytics"
GET,/analytics/advanced/driver-performance,"أداء السائقين","","Analytics"
POST,/auth/firebase/login,"تسجيل الدخول عبر Firebase","","Auth"
POST,/auth/consent,"تسجيل موافقة المستخدم","","Auth"
POST,/auth/consent/bulk,"تسجيل موافقات متعددة دفعة واحدة","","Auth"
DELETE,/auth/consent/{type},"سحب الموافقة","","Auth"
GET,/auth/consent/history,"سجل موافقات المستخدم","","Auth"
GET,/auth/consent/summary,"ملخص موافقات المستخدم","","Auth"
GET,/auth/consent/check/{type},"التحقق من موافقة محددة","","Auth"
GET,/delivery/cart,"الحصول على سلتي","","Cart"
GET,/delivery/cart/user/{userId},"الحصول على سلتي","","Cart"
GET,/delivery/cart/{cartId},"الحصول على سلة مستخدم","","Cart"
POST,/delivery/cart/items,"الحصول على سلة بالمعرف","","Cart"
POST,/delivery/cart/add,"إضافة منتج للسلة","","Cart"
PATCH,/delivery/cart/items/{productId},"تحديث كمية منتج","","Cart"
PATCH,/delivery/cart/{productId},"تحديث كمية منتج","","Cart"
DELETE,/delivery/cart/items/{productId},"تحديث كمية منتج (توافق)","","Cart"
DELETE,/delivery/cart/{productId},"حذف منتج من السلة","","Cart"
DELETE,/delivery/cart,"حذف منتج من السلة (توافق)","","Cart"
PATCH,/delivery/cart/note,"تفريغ السلة","","Cart"
PATCH,/delivery/cart/delivery-address,"إضافة ملاحظة","","Cart"
GET,/delivery/cart/count,"إضافة عنوان التوصيل","","Cart"
GET,/delivery/cart/fee,"عدد العناصر في السلة","","Cart"
POST,/delivery/cart/merge,"دمج سلة الضيف مع سلة المستخدم","","Cart"
GET,/delivery/cart/shein,"دمج سلة الضيف مع سلة المستخدم","","Cart"
POST,/delivery/cart/shein/items,"الحصول على سلة Shein","","Cart"
PATCH,/delivery/cart/shein/items/{sheinProductId},"إضافة منتج Shein للسلة","","Cart"
DELETE,/delivery/cart/shein/items/{sheinProductId},"حذف منتج Shein من السلة","","Cart"
DELETE,/delivery/cart/shein,"حذف منتج Shein من السلة","","Cart"
PATCH,/delivery/cart/shein/shipping,"تفريغ سلة Shein","","Cart"
PATCH,/delivery/cart/shein/note,"تحديث تكاليف الشحن","","Cart"
GET,/delivery/cart/combined,"إضافة ملاحظة لسلة Shein","","Cart"
DELETE,/delivery/cart/combined/clear-all,"تفريغ كل السلات","","Cart"
GET,/delivery/cart/abandoned,"الحصول على السلات المهجورة (Admin)","","Cart"
DELETE,/delivery/cart/{cartId}/items/{productId},"حذف منتج من سلة محددة (Admin)","","Cart"
POST,/delivery/cart/{cartId}/retarget/push,"إرسال إشعار استعادة السلة (Admin)","","Cart"
GET,/content/banners,"الحصول على البانرات النشطة (public)","","Content"
POST,/content/banners/{id}/click,"الحصول على البانرات النشطة (public)","","Content"
POST,/content/banners,"تسجيل نقرة على بانر","","Content"
GET,/content/admin/banners,"إنشاء بانر جديد","","Content"
PATCH,/content/banners/{id},"كل البانرات (admin)","","Content"
DELETE,/content/banners/{id},"تحديث بانر","","Content"
GET,/content/stores/{storeId}/sections,"حذف بانر","","Content"
POST,/content/sections,"الحصول على أقسام المتجر (public)","","Content"
PATCH,/content/sections/{id},"إنشاء قسم متجر","","Content"
DELETE,/content/sections/{id},"تحديث قسم","","Content"
GET,/content/subscription-plans,"حذف قسم","","Content"
POST,/content/subscription-plans,"الحصول على خطط الاشتراك (public)","","Content"
POST,/content/subscribe,"إنشاء خطة اشتراك","","Content"
GET,/content/my-subscription,"الاشتراك في خطة","","Content"
PATCH,/content/my-subscription/cancel,"الحصول على اشتراكي","","Content"
GET,/content/pages,"إلغاء الاشتراك","","Content"
GET,/content/pages/{slug},"الحصول على صفحات CMS (public)","","Content"
POST,/content/admin/pages,"الحصول على صفحة CMS بالـ slug","","Content"
PATCH,/content/admin/pages/{id},"إنشاء صفحة CMS","","Content"
GET,/content/app-settings,"تحديث صفحة CMS","","Content"
PATCH,/content/admin/app-settings,"إعدادات التطبيق (public)","","Content"
GET,/content/faqs,"تحديث إعدادات التطبيق","","Content"
POST,/content/admin/faqs,"الأسئلة الشائعة (public)","","Content"
PATCH,/content/admin/faqs/{id},"إضافة سؤال شائع","","Content"
DELETE,/content/admin/faqs/{id},"تحديث سؤال شائع","","Content"
POST,/drivers,"إنشاء سائق جديد (للإدارة)","","Driver"
GET,/drivers/available,"إنشاء سائق جديد (للإدارة)","","Driver"
GET,/drivers/{id},"جلب السائقين المتاحين","","Driver"
PATCH,/drivers/location,"جلب سائق محدد","","Driver"
PATCH,/drivers/availability,"تحديث موقع السائق","","Driver"
GET,/drivers/profile,"ملفي الشخصي","","Driver"
PATCH,/drivers/profile,"ملفي الشخصي","","Driver"
GET,/drivers/earnings,"تحديث الملف الشخصي","","Driver"
GET,/drivers/earnings/daily,"أرباح اليوم","","Driver"
GET,/drivers/earnings/weekly,"أرباح اليوم","","Driver"
GET,/drivers/statistics,"أرباح الأسبوع","","Driver"
POST,/drivers/documents/upload,"إحصائياتي","","Driver"
GET,/drivers/documents,"مستنداتي","","Driver"
GET,/drivers/{driverId}/documents,"مستنداتي","","Driver"
POST,/drivers/{driverId}/documents/{docId}/verify,"مستندات سائق (Admin)","","Driver"
POST,/drivers/vacations/request,"طلب إجازة","","Driver"
GET,/drivers/vacations/my,"إجازاتي","","Driver"
PATCH,/drivers/vacations/{id}/cancel,"إجازاتي","","Driver"
GET,/drivers/vacations/balance,"إلغاء طلب إجازة","","Driver"
GET,/drivers/vacations/policy,"رصيد الإجازات","","Driver"
GET,/drivers/orders/available,"الطلبات المتاحة للاستلام","","Driver"
POST,/drivers/orders/{id}/accept,"الطلبات المتاحة للاستلام","","Driver"
POST,/drivers/orders/{id}/reject,"قبول طلب","","Driver"
POST,/drivers/orders/{id}/start-delivery,"بدء التوصيل","","Driver"
POST,/drivers/orders/{id}/complete,"بدء التوصيل","","Driver"
GET,/drivers/orders/history,"إتمام التوصيل","","Driver"
POST,/drivers/issues/report,"الإبلاغ عن مشكلة","","Driver"
POST,/drivers/change-password,"الإبلاغ عن مشكلة","","Driver"
POST,/er/employees,"إضافة موظف جديد","","ER System"
GET,/er/employees,"إضافة موظف جديد","","ER System"
GET,/er/employees/{id},"الحصول على كل الموظفين","","ER System"
PATCH,/er/employees/{id},"الحصول على موظف محدد","","ER System"
POST,/er/attendance/check-in,"تحديث موظف","","ER System"
POST,/er/attendance/check-out,"تسجيل حضور","","ER System"
GET,/er/attendance/{employeeId},"تسجيل انصراف","","ER System"
POST,/er/leave-requests,"تقديم طلب إجازة","","ER System"
PATCH,/er/leave-requests/{id}/approve,"تقديم طلب إجازة","","ER System"
PATCH,/er/leave-requests/{id}/reject,"الموافقة على طلب إجازة","","ER System"
POST,/er/payroll/generate,"رفض طلب إجازة","","ER System"
PATCH,/er/payroll/{id}/approve,"إنشاء كشف راتب","","ER System"
PATCH,/er/payroll/{id}/mark-paid,"الموافقة على كشف راتب","","ER System"
POST,/er/accounts,"تحديد كدفع","","ER System"
GET,/er/accounts,"إنشاء حساب","","ER System"
GET,/er/accounts/{id},"دليل الحسابات","","ER System"
POST,/er/journal-entries,"الحصول على حساب","","ER System"
GET,/er/journal-entries,"إنشاء قيد يومية","","ER System"
PATCH,/er/journal-entries/{id}/post,"ترحيل قيد","","ER System"
GET,/er/reports/trial-balance,"ترحيل قيد","","ER System"
POST,/finance/commissions,"إنشاء عمولة جديدة","","Finance"
GET,/finance/commissions/my,"إنشاء عمولة جديدة","","Finance"
GET,/finance/commissions/stats/my,"الحصول على عمولاتي","","Finance"
PATCH,/finance/commissions/{id}/approve,"إحصائيات عمولاتي","","Finance"
PATCH,/finance/commissions/{id}/cancel,"الموافقة على عمولة","","Finance"
POST,/finance/payouts/batches,"إلغاء عمولة","","Finance"
GET,/finance/payouts/batches,"الحصول على كل الدفعات","","Finance"
GET,/finance/payouts/batches/{id},"الحصول على كل الدفعات","","Finance"
GET,/finance/payouts/batches/{id}/items,"الحصول على دفعة","","Finance"
PATCH,/finance/payouts/batches/{id}/approve,"الحصول على عناصر دفعة","","Finance"
PATCH,/finance/payouts/batches/{id}/complete,"الموافقة على دفعة","","Finance"
POST,/finance/settlements,"إكمال دفعة","","Finance"
GET,/finance/settlements/entity/{entityId},"إنشاء تسوية","","Finance"
GET,/finance/settlements/{id},"الحصول على تسويات كيان","","Finance"
PATCH,/finance/settlements/{id}/approve,"الحصول على تسوية","","Finance"
POST,/finance/coupons,"إنشاء كوبون","","Finance"
POST,/finance/coupons/validate,"إنشاء كوبون","","Finance"
GET,/finance/coupons,"التحقق من كوبون","","Finance"
PATCH,/finance/coupons/{id},"الحصول على كل الكوبونات","","Finance"
POST,/finance/reconciliations,"تحديث كوبون","","Finance"
GET,/finance/reconciliations,"الحصول على كل المطابقات","","Finance"
GET,/finance/reconciliations/{id},"الحصول على كل المطابقات","","Finance"
PATCH,/finance/reconciliations/{id}/actual-totals,"الحصول على مطابقة","","Finance"
POST,/finance/reconciliations/{id}/issues,"إضافة مشكلة للمطابقة","","Finance"
PATCH,/finance/reconciliations/{id}/issues/{issueIndex}/resolve,"حل مشكلة في المطابقة","","Finance"
POST,/finance/reports/daily,"إنشاء تقرير يومي","","Finance"
GET,/finance/reports/daily/{date},"إنشاء تقرير يومي","","Finance"
GET,/finance/reports,"الحصول على تقرير يومي","","Finance"
PATCH,/finance/reports/{id}/finalize,"تثبيت تقرير","","Finance"
GET,/finance/commission-plans,"تثبيت تقرير","","Finance"
POST,/finance/commission-plans,"خطط العمولات","","Finance"
PATCH,/finance/commission-plans/{id},"تحديث خطة عمولة","","Finance"
GET,/health,"Health Check - الفحص الصحي الشامل للتطبيق","","Health"
GET,/health/liveness,"Liveness Probe - للـ Kubernetes","","Health"
GET,/health/readiness,"Liveness Probe - للـ Kubernetes","","Health"
GET,/health/advanced,"Advanced Health Check - فحص متقدم شامل","","Health"
GET,/health/startup,"Startup Probe - للـ Kubernetes","","Health"
GET,/health/detailed,"Detailed Health Check - فحص تفصيلي","","Health"
GET,/health/metrics,"Health Metrics - مقاييس الصحة المبسطة","","Health"
GET,/health/info,"Application Info - معلومات التطبيق","","Health"
GET,/legal/privacy-policy,"الحصول على سياسة الخصوصية النشطة","","Legal"
GET,/legal/terms-of-service,"الحصول على شروط الخدمة النشطة","","Legal"
POST,/legal/consent,"تسجيل موافقة المستخدم","","Legal"
GET,/legal/consent/my,"الحصول على موافقات المستخدم الحالي","","Legal"
GET,/legal/consent/check/{type},"الحصول على موافقات المستخدم الحالي","","Legal"
GET,/legal/admin/privacy-policies,"الحصول على جميع سياسات الخصوصية (للإدارة)","","Legal"
POST,/legal/admin/privacy-policy,"الحصول على جميع سياسات الخصوصية (للإدارة)","","Legal"
PATCH,/legal/admin/privacy-policy/{id}/activate,"إنشاء سياسة خصوصية جديدة (للإدارة)","","Legal"
GET,/legal/admin/terms-of-service,"تفعيل سياسة خصوصية معينة (للإدارة)","","Legal"
POST,/legal/admin/terms-of-service,"الحصول على جميع شروط الخدمة (للإدارة)","","Legal"
PATCH,/legal/admin/terms-of-service/{id}/activate,"إنشاء شروط خدمة جديدة (للإدارة)","","Legal"
GET,/legal/admin/consent/statistics,"تفعيل شروط خدمة معينة (للإدارة)","","Legal"
GET,/marketer/profile,"ملفي الشخصي","","Marketer"
PATCH,/marketer/profile,"ملفي الشخصي","","Marketer"
POST,/marketer/referrals/generate-code,"إنشاء كود إحالة","","Marketer"
GET,/marketer/referrals/my,"إنشاء كود إحالة","","Marketer"
GET,/marketer/referrals/statistics,"إحالاتي","","Marketer"
GET,/marketer/stores/my,"إحصائيات الإحالات","","Marketer"
GET,/marketer/stores/{id},"متاجري","","Marketer"
GET,/marketer/stores/{id}/performance,"تفاصيل متجر","","Marketer"
GET,/marketer/vendors/my,"تجاري","","Marketer"
GET,/marketer/vendors/{id},"تجاري","","Marketer"
GET,/marketer/commissions/my,"تفاصيل تاجر","","Marketer"
GET,/marketer/commissions/statistics,"عمولاتي","","Marketer"
GET,/marketer/commissions/pending,"إحصائيات العمولات","","Marketer"
GET,/marketer/overview,"العمولات المعلقة","","Marketer"
GET,/marketer/statistics/today,"نظرة عامة","","Marketer"
GET,/marketer/statistics/month,"إحصائيات اليوم","","Marketer"
GET,/marketer/earnings,"إحصائيات الشهر","","Marketer"
GET,/marketer/earnings/breakdown,"تفصيل الأرباح","","Marketer"
POST,/marketer/files/upload,"تفصيل الأرباح","","Marketer"
GET,/marketer/files,"رفع ملف","","Marketer"
GET,/marketer/notifications,"ملفاتي","","Marketer"
PATCH,/marketer/notifications/{id}/read,"إشعاراتي","","Marketer"
GET,/marketer/territory/stats,"تحديد إشعار كمقروء","","Marketer"
POST,/merchants,"إنشاء تاجر جديد","","Merchant"
GET,/merchants,"إنشاء تاجر جديد","","Merchant"
GET,/merchants/{id},"الحصول على كل التجار","","Merchant"
PATCH,/merchants/{id},"الحصول على تاجر محدد","","Merchant"
DELETE,/merchants/{id},"تحديث تاجر","","Merchant"
POST,/merchants/catalog/products,"حذف تاجر","","Merchant"
GET,/merchants/catalog/products,"إضافة منتج للكتالوج","","Merchant"
GET,/merchants/catalog/products/{id},"الحصول على منتجات الكتالوج (public)","","Merchant"
PATCH,/merchants/catalog/products/{id},"الحصول على منتج من الكتالوج (public)","","Merchant"
GET,/merchants/products,"تحديث منتج في الكتالوج","","Merchant"
POST,/merchants/products,"إضافة منتج لمتجر التاجر","","Merchant"
GET,/merchants/products/{id},"إضافة منتج لمتجر التاجر","","Merchant"
GET,/merchants/{merchantId}/products,"الحصول على منتج تاجر محدد","","Merchant"
GET,/merchants/stores/{storeId}/products,"منتجات المتجر (public)","","Merchant"
PATCH,/merchants/products/{id},"منتجات المتجر (public)","","Merchant"
PATCH,/merchants/products/{id}/stock,"تحديث منتج التاجر","","Merchant"
DELETE,/merchants/products/{id},"تحديث مخزون منتج","","Merchant"
POST,/merchants/categories,"حذف منتج تاجر","","Merchant"
GET,/merchants/categories,"إنشاء فئة منتجات","","Merchant"
PATCH,/merchants/categories/{id},"الحصول على الفئات (public)","","Merchant"
POST,/merchants/attributes,"تحديث فئة","","Merchant"
GET,/merchants/attributes,"إنشاء خاصية منتج","","Merchant"
PATCH,/merchants/attributes/{id},"الحصول على الخصائص (public)","","Merchant"
GET,/metrics,"Prometheus Metrics Endpoint","","Metrics"
GET,/metrics/json,"Prometheus Metrics Endpoint","","Metrics"
POST,/notifications,"إنشاء إشعار (للإدارة)","","Notification"
GET,/notifications/my,"إنشاء إشعار (للإدارة)","","Notification"
POST,/notifications/{id}/read,"جلب إشعارات المستخدم","","Notification"
GET,/notifications/unread/count,"تحديد الإشعار كمقروء","","Notification"
POST,/notifications/read-all,"عدد الإشعارات غير المقروءة","","Notification"
DELETE,/notifications/{id},"تحديد جميع الإشعارات كمقروءة","","Notification"
POST,/notifications/suppression,"حذف إشعار","","Notification"
GET,/notifications/suppression,"جلب قائمة الحظر للمستخدم","","Notification"
GET,/notifications/suppression/channels,"جلب القنوات المحظورة","","Notification"
DELETE,/notifications/suppression/{id},"إلغاء حظر","","Notification"
DELETE,/notifications/suppression/channel/{channel},"إلغاء حظر قناة محددة","","Notification"
GET,/notifications/suppression/stats,"إحصائيات الحظر (للإدارة)","","Notification"
POST,/notifications/send-bulk,"إرسال إشعار جماعي (Admin)","","Notification"
POST,/onboarding,"تسجيل متجر/تاجر جديد","","Onboarding"
GET,/onboarding/my,"طلبات التسجيل الخاصة بي","","Onboarding"
POST,/onboarding/quick-onboard,"تسجيل سريع","","Onboarding"
GET,/onboarding/applications,"طلبات الانضمام (Admin)","","Onboarding"
GET,/onboarding/{id}/details,"تفاصيل طلب انضمام","","Onboarding"
PATCH,/onboarding/{id}/approve,"الموافقة على طلب انضمام","","Onboarding"
PATCH,/onboarding/{id}/reject,"رفض طلب انضمام","","Onboarding"
GET,/onboarding/statistics,"إحصائيات الانضمام","","Onboarding"
POST,/orders-cqrs,"","","Orders (CQRS)"
PATCH,/orders-cqrs/{id}/status,"تحديث حالة طلب (CQRS)","","Orders (CQRS)"
POST,/orders-cqrs/{id}/assign-driver,"تعيين سائق للطلب (CQRS)","","Orders (CQRS)"
POST,/orders-cqrs/{id}/cancel,"إلغاء طلب (CQRS)","","Orders (CQRS)"
GET,/orders-cqrs/{id},"جلب طلب محدد (CQRS)","","Orders (CQRS)"
GET,/orders-cqrs,"جلب طلبات المستخدم (CQRS)","","Orders (CQRS)"
POST,/delivery/order,"","","Order"
GET,/delivery/order/user/{userId},"","","Order"
GET,/delivery/order/my-orders,"","","Order"
GET,/delivery/order/{id},"تفاصيل الطلب","","Order"
POST,/delivery/order/{id}/assign-driver,"","","Order"
POST,/delivery/order/{id}/notes,"","","Order"
GET,/delivery/order/{id}/notes,"جلب الملاحظات","","Order"
GET,/delivery/order/vendor/orders,"جلب الملاحظات","","Order"
POST,/delivery/order/{id}/vendor-accept,"جلب طلبات التاجر","","Order"
POST,/delivery/order/{id}/vendor-cancel,"","","Order"
POST,/delivery/order/{id}/pod,"","","Order"
GET,/delivery/order/{id}/pod,"جلب إثبات التسليم","","Order"
POST,/delivery/order/{id}/cancel,"جلب إثبات التسليم","","Order"
POST,/delivery/order/{id}/return,"","","Order"
POST,/delivery/order/{id}/rate,"","","Order"
POST,/delivery/order/{id}/repeat,"","","Order"
PATCH,/delivery/order/{id}/admin-status,"تغيير حالة الطلب (admin)","","Order"
GET,/delivery/order/export,"","","Order"
GET,/delivery/order/{id}/tracking,"تتبع الطلب","","Order"
POST,/delivery/order/{id}/schedule,"تتبع الطلب","","Order"
GET,/delivery/order/public/{id}/status,"","","Order"
GET,/delivery/order/{id}/live-tracking,"التتبع المباشر","","Order"
GET,/delivery/order/{id}/driver-eta,"التتبع المباشر","","Order"
POST,/delivery/order/{id}/update-location,"الوقت المتوقع للوصول","","Order"
GET,/delivery/order/{id}/route-history,"سجل المسار","","Order"
GET,/delivery/order/{id}/delivery-timeline,"سجل المسار","","Order"
GET,/promotions/by-placement,"الحصول على عروض حسب الموضع (public)","","Promotion"
POST,/promotions/{id}/click,"الحصول على عروض حسب الموضع (public)","","Promotion"
POST,/promotions/{id}/conversion,"تسجيل نقرة على عرض","","Promotion"
POST,/promotions,"تسجيل تحويل (طلب من العرض)","","Promotion"
GET,/promotions,"إنشاء عرض ترويجي","","Promotion"
GET,/promotions/{id},"الحصول على كل العروض","","Promotion"
PATCH,/promotions/{id},"الحصول على عرض محدد","","Promotion"
DELETE,/promotions/{id},"تحديث عرض","","Promotion"
GET,/promotions/stats/overview,"حذف عرض","","Promotion"
GET,/shifts,"جلب كل الورديات","","Shifts"
POST,/shifts,"جلب كل الورديات","","Shifts"
PATCH,/shifts/{id},"تحديث وردية","","Shifts"
POST,/shifts/{shiftId}/assign/{driverId},"تحديث وردية","","Shifts"
GET,/shifts/driver/{driverId},"ورديات السائق","","Shifts"
GET,/shifts/my-shifts,"وردياتي","","Shifts"
GET,/delivery/stores,"جلب المتاجر - عام","","Delivery - Stores"
GET,/delivery/stores/search,"البحث عن متاجر","","Delivery - Stores"
GET,/delivery/stores/{id},"البحث عن متاجر","","Delivery - Stores"
GET,/delivery/stores/{id}/products,"جلب متجر محدد","","Delivery - Stores"
GET,/delivery/stores/{id}/statistics,"جلب منتجات المتجر","","Delivery - Stores"
GET,/delivery/stores/{id}/reviews,"إحصائيات المتجر - عامة","","Delivery - Stores"
POST,/admin/stores,"إنشاء متجر","","Admin - Stores"
GET,/admin/stores,"إنشاء متجر","","Admin - Stores"
GET,/admin/stores/{id},"جلب متجر محدد - الإدارة","","Admin - Stores"
POST,/admin/stores/products,"جلب متجر محدد - الإدارة","","Admin - Stores"
GET,/admin/stores/{id}/products,"إنشاء منتج","","Admin - Stores"
PATCH,/admin/stores/{id},"تحديث متجر","","Admin - Stores"
POST,/admin/stores/{id}/activate,"تحديث متجر","","Admin - Stores"
POST,/admin/stores/{id}/deactivate,"تفعيل متجر","","Admin - Stores"
POST,/admin/stores/{id}/force-close,"تعطيل متجر","","Admin - Stores"
POST,/admin/stores/{id}/force-open,"إغلاق قسري للمتجر","","Admin - Stores"
PATCH,/admin/stores/products/{id},"فتح قسري للمتجر","","Admin - Stores"
GET,/admin/stores/{id}/analytics,"تحديث منتج","","Admin - Stores"
GET,/admin/stores/products/{id}/variants,"متغيرات المنتج","","Admin - Stores"
POST,/admin/stores/products/{id}/variants,"متغيرات المنتج","","Admin - Stores"
GET,/admin/stores/{id}/inventory,"جرد المتجر - الإدارة","","Admin - Stores"
DELETE,/admin/stores/{id},"جرد المتجر - الإدارة","","Admin - Stores"
GET,/admin/stores/pending,"حذف متجر","","Admin - Stores"
POST,/admin/stores/{id}/approve,"المتاجر المعلقة - تحتاج موافقة","","Admin - Stores"
POST,/admin/stores/{id}/reject,"الموافقة على متجر","","Admin - Stores"
POST,/admin/stores/{id}/suspend,"تعليق متجر","","Admin - Stores"
POST,/support/tickets,"إنشاء تذكرة دعم جديدة","","Support"
GET,/support/tickets,"إنشاء تذكرة دعم جديدة","","Support"
GET,/support/tickets/{id},"جلب التذاكر","","Support"
PATCH,/support/tickets/{id}/messages,"تفاصيل تذكرة","","Support"
PATCH,/support/tickets/{id}/rate,"تقييم التذكرة","","Support"
GET,/support/stats,"تقييم التذكرة","","Support"
PATCH,/support/admin/tickets/{id}/assign,"إحصائيات التذاكر","","Support"
PATCH,/support/admin/tickets/{id}/resolve,"حل تذكرة (Admin)","","Support"
GET,/support/admin/sla-metrics,"مقاييس SLA (Admin)","","Support"
GET,/v2/users/me,"","","User"
PATCH,/v2/users/me,"","","User"
GET,/v2/users/addresses,"","","User"
POST,/v2/users/addresses,"","","User"
PATCH,/v2/users/addresses/{addressId},"","","User"
DELETE,/v2/users/addresses/{addressId},"","","User"
POST,/v2/users/addresses/{addressId}/set-default,"","","User"
DELETE,/v2/users/deactivate,"","","User"
GET,/v2/users/search,"","","User"
POST,/v2/users/pin/set,"","","User"
POST,/v2/users/pin/verify,"","","User"
POST,/v2/users/pin/change,"","","User"
GET,/v2/users/pin/status,"","","User"
DELETE,/v2/users/pin/reset/{userId},"","","User"
GET,/utility/options,"الحصول على خيارات الغاز والماء (public)","","Utility"
POST,/utility/calculate-price,"الحصول على خيارات الغاز والماء (public)","","Utility"
POST,/utility/pricing,"حساب سعر خدمة الغاز أو الماء","","Utility"
GET,/utility/pricing,"إنشاء تسعير لمدينة","","Utility"
GET,/utility/pricing/{city},"الحصول على كل التسعيرات","","Utility"
PATCH,/utility/pricing/{city},"الحصول على تسعير مدينة","","Utility"
DELETE,/utility/pricing/{city},"تحديث تسعير مدينة","","Utility"
PATCH,/utility/options/gas,"حذف تسعير مدينة","","Utility"
PATCH,/utility/options/water,"تحديث/إنشاء إعدادات الماء","","Utility"
GET,/utility/daily,"الحصول على قائمة الأسعار اليومية","","Utility"
POST,/utility/daily,"الحصول على قائمة الأسعار اليومية","","Utility"
DELETE,/utility/daily/{id},"إضافة/تحديث سعر يومي","","Utility"
DELETE,/utility/daily,"حذف سعر يومي حسب ID","","Utility"
POST,/utility/order,"إنشاء طلب غاز أو ماء","","Utility"
GET,/utility/orders,"إنشاء طلب غاز أو ماء","","Utility"
GET,/utility/order/{id},"جلب طلبات المستخدم","","Utility"
PATCH,/utility/order/{id}/status,"جلب تفاصيل طلب","","Utility"
PATCH,/utility/order/{id}/cancel,"تحديث حالة الطلب","","Utility"
POST,/utility/order/{id}/rate,"إلغاء الطلب","","Utility"
POST,/utility/order/{id}/assign-driver,"تقييم الطلب","","Utility"
GET,/utility/admin/orders,"تعيين سائق للطلب","","Utility"
POST,/vendors,"إنشاء تاجر جديد","","Vendor"
GET,/vendors,"إنشاء تاجر جديد","","Vendor"
GET,/vendors/me,"جلب كل التجار","","Vendor"
GET,/vendors/{id},"جلب بيانات التاجر الحالي","","Vendor"
PATCH,/vendors/me,"جلب تاجر محدد","","Vendor"
PATCH,/vendors/{id},"تحديث بيانات التاجر","","Vendor"
PATCH,/vendors/{id}/status,"تحديث تاجر (للإدارة)","","Vendor"
POST,/vendors/{id}/reset-password,"تحديث حالة التاجر","","Vendor"
GET,/vendors/dashboard/overview,"إعادة تعيين كلمة مرور التاجر","","Vendor"
GET,/vendors/account/statement,"لوحة معلومات التاجر","","Vendor"
GET,/vendors/settlements,"كشف حساب التاجر","","Vendor"
POST,/vendors/settlements,"طلبات التسوية المالية","","Vendor"
GET,/vendors/sales,"طلب تسوية مالية","","Vendor"
POST,/vendors/account/delete-request,"سجل المبيعات","","Vendor"
GET,/v2/wallet/balance,"","","Wallet"
GET,/v2/wallet/transactions,"","","Wallet"
POST,/v2/wallet/transaction,"","","Wallet"
POST,/v2/wallet/hold,"","","Wallet"
POST,/v2/wallet/release,"","","Wallet"
POST,/v2/wallet/refund,"","","Wallet"
POST,/v2/wallet/topup/kuraimi,"","","Wallet"
POST,/v2/wallet/topup/verify,"","","Wallet"
GET,/v2/wallet/topup/history,"","","Wallet"
GET,/v2/wallet/topup/methods,"","","Wallet"
POST,/v2/wallet/withdraw/request,"","","Wallet"
GET,/v2/wallet/withdraw/my,"","","Wallet"
PATCH,/v2/wallet/withdraw/{id}/cancel,"","","Wallet"
GET,/v2/wallet/withdraw/methods,"","","Wallet"
POST,/v2/wallet/pay-bill,"","","Wallet"
GET,/v2/wallet/bills,"","","Wallet"
POST,/v2/wallet/transfer,"تحويل رصيد","","Wallet"
GET,/v2/wallet/transfers,"سجل التحويلات","","Wallet"
GET,/v2/wallet/transaction/{id},"تفاصيل معاملة","","Wallet"
POST,/v2/wallet/refund/request,"تفاصيل معاملة","","Wallet"