method,path,controller,handler,file
GET,/,AppController,getHello,C:\Users\Administrator\Desktop\bthwani_git\backend-nest\src\app.controller.ts
GET,/admin/dashboard,AdminController,ApiOperation,C:\Users\Administrator\Desktop\bthwani_git\backend-nest\src\modules\admin\admin.controller.ts
GET,/admin/stats/today,AdminController,ApiOperation,C:\Users\Administrator\Desktop\bthwani_git\backend-nest\src\modules\admin\admin.controller.ts
GET,/admin/stats/financial,AdminController,ApiOperation,C:\Users\Administrator\Desktop\bthwani_git\backend-nest\src\modules\admin\admin.controller.ts
GET,/admin/dashboard/orders-by-status,AdminController,ApiOperation,C:\Users\Administrator\Desktop\bthwani_git\backend-nest\src\modules\admin\admin.controller.ts
GET,/admin/dashboard/revenue,AdminController,ApiOperation,C:\Users\Administrator\Desktop\bthwani_git\backend-nest\src\modules\admin\admin.controller.ts
GET,/admin/dashboard/live-metrics,AdminController,ApiOperation,C:\Users\Administrator\Desktop\bthwani_git\backend-nest\src\modules\admin\admin.controller.ts
GET,/admin/drivers,AdminController,ApiOperation,C:\Users\Administrator\Desktop\bthwani_git\backend-nest\src\modules\admin\admin.controller.ts
GET,/admin/drivers/:id,AdminController,ApiOperation,C:\Users\Administrator\Desktop\bthwani_git\backend-nest\src\modules\admin\admin.controller.ts
GET,/admin/drivers/:id/performance,AdminController,ApiOperation,C:\Users\Administrator\Desktop\bthwani_git\backend-nest\src\modules\admin\admin.controller.ts
GET,/admin/drivers/:id/financials,AdminController,ApiOperation,C:\Users\Administrator\Desktop\bthwani_git\backend-nest\src\modules\admin\admin.controller.ts
POST,/admin/drivers/:id/ban,AdminController,ApiOperation,C:\Users\Administrator\Desktop\bthwani_git\backend-nest\src\modules\admin\admin.controller.ts
POST,/admin/drivers/:id/unban,AdminController,ApiOperation,C:\Users\Administrator\Desktop\bthwani_git\backend-nest\src\modules\admin\admin.controller.ts
PATCH,/admin/drivers/:id/adjust-balance,AdminController,ApiOperation,C:\Users\Administrator\Desktop\bthwani_git\backend-nest\src\modules\admin\admin.controller.ts
GET,/admin/withdrawals,AdminController,ApiOperation,C:\Users\Administrator\Desktop\bthwani_git\backend-nest\src\modules\admin\admin.controller.ts
GET,/admin/withdrawals/pending,AdminController,ApiOperation,C:\Users\Administrator\Desktop\bthwani_git\backend-nest\src\modules\admin\admin.controller.ts
PATCH,/admin/withdrawals/:id/approve,AdminController,ApiOperation,C:\Users\Administrator\Desktop\bthwani_git\backend-nest\src\modules\admin\admin.controller.ts
PATCH,/admin/withdrawals/:id/reject,AdminController,ApiOperation,C:\Users\Administrator\Desktop\bthwani_git\backend-nest\src\modules\admin\admin.controller.ts
GET,/admin/vendors/pending,AdminController,ApiOperation,C:\Users\Administrator\Desktop\bthwani_git\backend-nest\src\modules\admin\admin.controller.ts
POST,/admin/vendors/:id/approve,AdminController,ApiOperation,C:\Users\Administrator\Desktop\bthwani_git\backend-nest\src\modules\admin\admin.controller.ts
POST,/admin/vendors/:id/reject,AdminController,ApiOperation,C:\Users\Administrator\Desktop\bthwani_git\backend-nest\src\modules\admin\admin.controller.ts
POST,/admin/vendors/:id/suspend,AdminController,ApiOperation,C:\Users\Administrator\Desktop\bthwani_git\backend-nest\src\modules\admin\admin.controller.ts
GET,/admin/users,AdminController,ApiOperation,C:\Users\Administrator\Desktop\bthwani_git\backend-nest\src\modules\admin\admin.controller.ts
GET,/admin/users/:id,AdminController,ApiOperation,C:\Users\Administrator\Desktop\bthwani_git\backend-nest\src\modules\admin\admin.controller.ts
POST,/admin/users/:id/ban,AdminController,ApiOperation,C:\Users\Administrator\Desktop\bthwani_git\backend-nest\src\modules\admin\admin.controller.ts
POST,/admin/users/:id/unban,AdminController,ApiOperation,C:\Users\Administrator\Desktop\bthwani_git\backend-nest\src\modules\admin\admin.controller.ts
GET,/admin/reports/daily,AdminController,ApiOperation,C:\Users\Administrator\Desktop\bthwani_git\backend-nest\src\modules\admin\admin.controller.ts
GET,/admin/drivers/:id/attendance,AdminController,ApiOperation,C:\Users\Administrator\Desktop\bthwani_git\backend-nest\src\modules\admin\admin.controller.ts
GET,/admin/drivers/attendance/summary,AdminController,ApiOperation,C:\Users\Administrator\Desktop\bthwani_git\backend-nest\src\modules\admin\admin.controller.ts
POST,/admin/drivers/:id/attendance/adjust,AdminController,ApiOperation,C:\Users\Administrator\Desktop\bthwani_git\backend-nest\src\modules\admin\admin.controller.ts
GET,/admin/drivers/leave-requests,AdminController,ApiOperation,C:\Users\Administrator\Desktop\bthwani_git\backend-nest\src\modules\admin\admin.controller.ts
PATCH,/admin/drivers/leave-requests/:id/approve,AdminController,ApiOperation,C:\Users\Administrator\Desktop\bthwani_git\backend-nest\src\modules\admin\admin.controller.ts
PATCH,/admin/drivers/leave-requests/:id/reject,AdminController,ApiOperation,C:\Users\Administrator\Desktop\bthwani_git\backend-nest\src\modules\admin\admin.controller.ts
GET,/admin/drivers/:id/leave-balance,AdminController,ApiOperation,C:\Users\Administrator\Desktop\bthwani_git\backend-nest\src\modules\admin\admin.controller.ts
PATCH,/admin/drivers/:id/leave-balance/adjust,AdminController,ApiOperation,C:\Users\Administrator\Desktop\bthwani_git\backend-nest\src\modules\admin\admin.controller.ts
GET,/admin/quality/metrics,AdminController,ApiOperation,C:\Users\Administrator\Desktop\bthwani_git\backend-nest\src\modules\admin\admin.controller.ts
GET,/admin/settings,AdminController,ApiOperation,C:\Users\Administrator\Desktop\bthwani_git\backend-nest\src\modules\admin\admin.controller.ts
PATCH,/admin/settings,AdminController,ApiBody,C:\Users\Administrator\Desktop\bthwani_git\backend-nest\src\modules\admin\admin.controller.ts
GET,/admin/settings/feature-flags,AdminController,ApiOperation,C:\Users\Administrator\Desktop\bthwani_git\backend-nest\src\modules\admin\admin.controller.ts
PATCH,/admin/settings/feature-flags/:flag,AdminController,ApiOperation,C:\Users\Administrator\Desktop\bthwani_git\backend-nest\src\modules\admin\admin.controller.ts
POST,/admin/backup/create,AdminController,ApiBody,C:\Users\Administrator\Desktop\bthwani_git\backend-nest\src\modules\admin\admin.controller.ts
GET,/admin/backup/list,AdminController,ApiOperation,C:\Users\Administrator\Desktop\bthwani_git\backend-nest\src\modules\admin\admin.controller.ts
POST,/admin/backup/:id/restore,AdminController,ApiOperation,C:\Users\Administrator\Desktop\bthwani_git\backend-nest\src\modules\admin\admin.controller.ts
GET,/admin/backup/:id/download,AdminController,ApiOperation,C:\Users\Administrator\Desktop\bthwani_git\backend-nest\src\modules\admin\admin.controller.ts
GET,/admin/data-deletion/requests,AdminController,ApiOperation,C:\Users\Administrator\Desktop\bthwani_git\backend-nest\src\modules\admin\admin.controller.ts
PATCH,/admin/data-deletion/:id/approve,AdminController,ApiOperation,C:\Users\Administrator\Desktop\bthwani_git\backend-nest\src\modules\admin\admin.controller.ts
PATCH,/admin/data-deletion/:id/reject,AdminController,ApiOperation,C:\Users\Administrator\Desktop\bthwani_git\backend-nest\src\modules\admin\admin.controller.ts
GET,/admin/security/password-attempts,AdminController,ApiOperation,C:\Users\Administrator\Desktop\bthwani_git\backend-nest\src\modules\admin\admin.controller.ts
POST,/admin/security/reset-password/:userId,AdminController,ApiOperation,C:\Users\Administrator\Desktop\bthwani_git\backend-nest\src\modules\admin\admin.controller.ts
POST,/admin/security/unlock-account/:userId,AdminController,ApiOperation,C:\Users\Administrator\Desktop\bthwani_git\backend-nest\src\modules\admin\admin.controller.ts
GET,/admin/marketers,AdminController,ApiOperation,C:\Users\Administrator\Desktop\bthwani_git\backend-nest\src\modules\admin\admin.controller.ts
GET,/admin/marketers/:id,AdminController,ApiOperation,C:\Users\Administrator\Desktop\bthwani_git\backend-nest\src\modules\admin\admin.controller.ts
POST,/admin/marketers,AdminController,ApiBody,C:\Users\Administrator\Desktop\bthwani_git\backend-nest\src\modules\admin\admin.controller.ts
PATCH,/admin/marketers/:id,AdminController,ApiOperation,C:\Users\Administrator\Desktop\bthwani_git\backend-nest\src\modules\admin\admin.controller.ts
GET,/admin/marketers/:id/performance,AdminController,ApiOperation,C:\Users\Administrator\Desktop\bthwani_git\backend-nest\src\modules\admin\admin.controller.ts
GET,/admin/marketers/:id/stores,AdminController,ApiOperation,C:\Users\Administrator\Desktop\bthwani_git\backend-nest\src\modules\admin\admin.controller.ts
POST,/admin/marketers/:id/activate,AdminController,ApiOperation,C:\Users\Administrator\Desktop\bthwani_git\backend-nest\src\modules\admin\admin.controller.ts
POST,/admin/marketers/:id/deactivate,AdminController,ApiOperation,C:\Users\Administrator\Desktop\bthwani_git\backend-nest\src\modules\admin\admin.controller.ts
GET,/admin/marketers/statistics,AdminController,ApiOperation,C:\Users\Administrator\Desktop\bthwani_git\backend-nest\src\modules\admin\admin.controller.ts
GET,/admin/marketers/export,AdminController,ApiOperation,C:\Users\Administrator\Desktop\bthwani_git\backend-nest\src\modules\admin\admin.controller.ts
GET,/admin/audit-logs,AdminController,ApiOperation,C:\Users\Administrator\Desktop\bthwani_git\backend-nest\src\modules\admin\admin.controller.ts
GET,/admin/audit-logs/:id,AdminController,ApiOperation,C:\Users\Administrator\Desktop\bthwani_git\backend-nest\src\modules\admin\admin.controller.ts
GET,/admin/system/health,AdminController,ApiOperation,C:\Users\Administrator\Desktop\bthwani_git\backend-nest\src\modules\admin\admin.controller.ts
GET,/admin/system/metrics,AdminController,ApiOperation,C:\Users\Administrator\Desktop\bthwani_git\backend-nest\src\modules\admin\admin.controller.ts
GET,/admin/database/stats,AdminController,ApiOperation,C:\Users\Administrator\Desktop\bthwani_git\backend-nest\src\modules\admin\admin.controller.ts
GET,/admin/orders/stats/by-city,AdminController,ApiOperation,C:\Users\Administrator\Desktop\bthwani_git\backend-nest\src\modules\admin\admin.controller.ts
GET,/admin/orders/stats/by-payment-method,AdminController,ApiOperation,C:\Users\Administrator\Desktop\bthwani_git\backend-nest\src\modules\admin\admin.controller.ts
GET,/admin/drivers/stats/by-status,AdminController,ApiOperation,C:\Users\Administrator\Desktop\bthwani_git\backend-nest\src\modules\admin\admin.controller.ts
GET,/admin/users/:id/orders-history,AdminController,ApiOperation,C:\Users\Administrator\Desktop\bthwani_git\backend-nest\src\modules\admin\admin.controller.ts
POST,/admin/cache/clear,AdminController,ApiOperation,C:\Users\Administrator\Desktop\bthwani_git\backend-nest\src\modules\admin\admin.controller.ts
GET,/admin/cache/stats,AdminController,ApiOperation,C:\Users\Administrator\Desktop\bthwani_git\backend-nest\src\modules\admin\admin.controller.ts
GET,/admin/roles,AdminController,ApiOperation,C:\Users\Administrator\Desktop\bthwani_git\backend-nest\src\modules\admin\admin.controller.ts
POST,/admin/roles,AdminController,ApiBody,C:\Users\Administrator\Desktop\bthwani_git\backend-nest\src\modules\admin\admin.controller.ts
PATCH,/admin/roles/:id,AdminController,ApiOperation,C:\Users\Administrator\Desktop\bthwani_git\backend-nest\src\modules\admin\admin.controller.ts
POST,/akhdimni/errands/calculate-fee,AkhdimniController,ApiResponse,C:\Users\Administrator\Desktop\bthwani_git\backend-nest\src\modules\akhdimni\akhdimni.controller.ts
POST,/akhdimni/errands,AkhdimniController,ApiResponse,C:\Users\Administrator\Desktop\bthwani_git\backend-nest\src\modules\akhdimni\akhdimni.controller.ts
GET,/akhdimni/my-errands,AkhdimniController,ApiResponse,C:\Users\Administrator\Desktop\bthwani_git\backend-nest\src\modules\akhdimni\akhdimni.controller.ts
GET,/akhdimni/errands/:id,AkhdimniController,ApiParam,C:\Users\Administrator\Desktop\bthwani_git\backend-nest\src\modules\akhdimni\akhdimni.controller.ts
PATCH,/akhdimni/errands/:id/cancel,AkhdimniController,ApiParam,C:\Users\Administrator\Desktop\bthwani_git\backend-nest\src\modules\akhdimni\akhdimni.controller.ts
POST,/akhdimni/errands/:id/rate,AkhdimniController,ApiParam,C:\Users\Administrator\Desktop\bthwani_git\backend-nest\src\modules\akhdimni\akhdimni.controller.ts
GET,/akhdimni/driver/my-errands,AkhdimniController,ApiResponse,C:\Users\Administrator\Desktop\bthwani_git\backend-nest\src\modules\akhdimni\akhdimni.controller.ts
PATCH,/akhdimni/errands/:id/status,AkhdimniController,ApiParam,C:\Users\Administrator\Desktop\bthwani_git\backend-nest\src\modules\akhdimni\akhdimni.controller.ts
GET,/akhdimni/admin/errands,AkhdimniController,ApiResponse,C:\Users\Administrator\Desktop\bthwani_git\backend-nest\src\modules\akhdimni\akhdimni.controller.ts
POST,/akhdimni/admin/errands/:id/assign-driver,AkhdimniController,ApiParam,C:\Users\Administrator\Desktop\bthwani_git\backend-nest\src\modules\akhdimni\akhdimni.controller.ts
GET,/analytics/roas/daily,AnalyticsController,ApiResponse,C:\Users\Administrator\Desktop\bthwani_git\backend-nest\src\modules\analytics\analytics.controller.ts
GET,/analytics/roas/summary,AnalyticsController,ApiResponse,C:\Users\Administrator\Desktop\bthwani_git\backend-nest\src\modules\analytics\analytics.controller.ts
GET,/analytics/roas/by-platform,AnalyticsController,ApiResponse,C:\Users\Administrator\Desktop\bthwani_git\backend-nest\src\modules\analytics\analytics.controller.ts
POST,/analytics/roas/calculate,AnalyticsController,ApiBody,C:\Users\Administrator\Desktop\bthwani_git\backend-nest\src\modules\analytics\analytics.controller.ts
POST,/analytics/adspend,AnalyticsController,ApiBody,C:\Users\Administrator\Desktop\bthwani_git\backend-nest\src\modules\analytics\analytics.controller.ts
GET,/analytics/adspend,AnalyticsController,ApiResponse,C:\Users\Administrator\Desktop\bthwani_git\backend-nest\src\modules\analytics\analytics.controller.ts
GET,/analytics/adspend/summary,AnalyticsController,ApiResponse,C:\Users\Administrator\Desktop\bthwani_git\backend-nest\src\modules\analytics\analytics.controller.ts
GET,/analytics/kpis,AnalyticsController,ApiResponse,C:\Users\Administrator\Desktop\bthwani_git\backend-nest\src\modules\analytics\analytics.controller.ts
GET,/analytics/kpis/real-time,AnalyticsController,ApiResponse,C:\Users\Administrator\Desktop\bthwani_git\backend-nest\src\modules\analytics\analytics.controller.ts
GET,/analytics/kpis/trends,AnalyticsController,ApiResponse,C:\Users\Administrator\Desktop\bthwani_git\backend-nest\src\modules\analytics\analytics.controller.ts
POST,/analytics/events/track,AnalyticsController,ApiBody,C:\Users\Administrator\Desktop\bthwani_git\backend-nest\src\modules\analytics\analytics.controller.ts
GET,/analytics/events,AnalyticsController,ApiResponse,C:\Users\Administrator\Desktop\bthwani_git\backend-nest\src\modules\analytics\analytics.controller.ts
GET,/analytics/events/summary,AnalyticsController,ApiResponse,C:\Users\Administrator\Desktop\bthwani_git\backend-nest\src\modules\analytics\analytics.controller.ts
GET,/analytics/funnel/conversion,AnalyticsController,ApiResponse,C:\Users\Administrator\Desktop\bthwani_git\backend-nest\src\modules\analytics\analytics.controller.ts
GET,/analytics/funnel/drop-off,AnalyticsController,ApiResponse,C:\Users\Administrator\Desktop\bthwani_git\backend-nest\src\modules\analytics\analytics.controller.ts
GET,/analytics/users/growth,AnalyticsController,ApiResponse,C:\Users\Administrator\Desktop\bthwani_git\backend-nest\src\modules\analytics\analytics.controller.ts
GET,/analytics/users/retention,AnalyticsController,ApiResponse,C:\Users\Administrator\Desktop\bthwani_git\backend-nest\src\modules\analytics\analytics.controller.ts
GET,/analytics/users/cohort,AnalyticsController,ApiResponse,C:\Users\Administrator\Desktop\bthwani_git\backend-nest\src\modules\analytics\analytics.controller.ts
GET,/analytics/revenue/forecast,AnalyticsController,ApiResponse,C:\Users\Administrator\Desktop\bthwani_git\backend-nest\src\modules\analytics\analytics.controller.ts
GET,/analytics/revenue/breakdown,AnalyticsController,ApiResponse,C:\Users\Administrator\Desktop\bthwani_git\backend-nest\src\modules\analytics\analytics.controller.ts
GET,/analytics/advanced/dashboard-overview,AnalyticsController,ApiResponse,C:\Users\Administrator\Desktop\bthwani_git\backend-nest\src\modules\analytics\analytics.controller.ts
GET,/analytics/advanced/cohort-analysis-advanced,AnalyticsController,ApiResponse,C:\Users\Administrator\Desktop\bthwani_git\backend-nest\src\modules\analytics\analytics.controller.ts
GET,/analytics/advanced/funnel-analysis,AnalyticsController,ApiResponse,C:\Users\Administrator\Desktop\bthwani_git\backend-nest\src\modules\analytics\analytics.controller.ts
GET,/analytics/advanced/retention,AnalyticsController,ApiResponse,C:\Users\Administrator\Desktop\bthwani_git\backend-nest\src\modules\analytics\analytics.controller.ts
GET,/analytics/advanced/ltv,AnalyticsController,ApiResponse,C:\Users\Administrator\Desktop\bthwani_git\backend-nest\src\modules\analytics\analytics.controller.ts
GET,/analytics/advanced/churn-rate,AnalyticsController,ApiResponse,C:\Users\Administrator\Desktop\bthwani_git\backend-nest\src\modules\analytics\analytics.controller.ts
GET,/analytics/advanced/geographic-distribution,AnalyticsController,ApiResponse,C:\Users\Administrator\Desktop\bthwani_git\backend-nest\src\modules\analytics\analytics.controller.ts
GET,/analytics/advanced/peak-hours,AnalyticsController,ApiResponse,C:\Users\Administrator\Desktop\bthwani_git\backend-nest\src\modules\analytics\analytics.controller.ts
GET,/analytics/advanced/product-performance,AnalyticsController,ApiResponse,C:\Users\Administrator\Desktop\bthwani_git\backend-nest\src\modules\analytics\analytics.controller.ts
GET,/analytics/advanced/driver-performance,AnalyticsController,ApiResponse,C:\Users\Administrator\Desktop\bthwani_git\backend-nest\src\modules\analytics\analytics.controller.ts
POST,/auth/firebase/login,AuthController,ApiResponse,C:\Users\Administrator\Desktop\bthwani_git\backend-nest\src\modules\auth\auth.controller.ts
POST,/auth/consent,AuthController,ApiResponse,C:\Users\Administrator\Desktop\bthwani_git\backend-nest\src\modules\auth\auth.controller.ts
POST,/auth/consent/bulk,AuthController,ApiResponse,C:\Users\Administrator\Desktop\bthwani_git\backend-nest\src\modules\auth\auth.controller.ts
DELETE,/auth/consent/:type,AuthController,ApiParam,C:\Users\Administrator\Desktop\bthwani_git\backend-nest\src\modules\auth\auth.controller.ts
GET,/auth/consent/history,AuthController,ApiResponse,C:\Users\Administrator\Desktop\bthwani_git\backend-nest\src\modules\auth\auth.controller.ts
GET,/auth/consent/summary,AuthController,ApiResponse,C:\Users\Administrator\Desktop\bthwani_git\backend-nest\src\modules\auth\auth.controller.ts
GET,/auth/consent/check/:type,AuthController,ApiParam,C:\Users\Administrator\Desktop\bthwani_git\backend-nest\src\modules\auth\auth.controller.ts
GET,/delivery/cart,CartController,ApiResponse,C:\Users\Administrator\Desktop\bthwani_git\backend-nest\src\modules\cart\cart.controller.ts
GET,/delivery/cart/user/:userId,CartController,ApiParam,C:\Users\Administrator\Desktop\bthwani_git\backend-nest\src\modules\cart\cart.controller.ts
GET,/delivery/cart/:cartId,CartController,ApiParam,C:\Users\Administrator\Desktop\bthwani_git\backend-nest\src\modules\cart\cart.controller.ts
POST,/delivery/cart/items,CartController,ApiResponse,C:\Users\Administrator\Desktop\bthwani_git\backend-nest\src\modules\cart\cart.controller.ts
POST,/delivery/cart/add,CartController,ApiBody,C:\Users\Administrator\Desktop\bthwani_git\backend-nest\src\modules\cart\cart.controller.ts
PATCH,/delivery/cart/items/:productId,CartController,ApiParam,C:\Users\Administrator\Desktop\bthwani_git\backend-nest\src\modules\cart\cart.controller.ts
PATCH,/delivery/cart/:productId,CartController,ApiParam,C:\Users\Administrator\Desktop\bthwani_git\backend-nest\src\modules\cart\cart.controller.ts
DELETE,/delivery/cart/items/:productId,CartController,ApiParam,C:\Users\Administrator\Desktop\bthwani_git\backend-nest\src\modules\cart\cart.controller.ts
DELETE,/delivery/cart/:productId,CartController,ApiParam,C:\Users\Administrator\Desktop\bthwani_git\backend-nest\src\modules\cart\cart.controller.ts
DELETE,/delivery/cart,CartController,ApiResponse,C:\Users\Administrator\Desktop\bthwani_git\backend-nest\src\modules\cart\cart.controller.ts
PATCH,/delivery/cart/note,CartController,ApiResponse,C:\Users\Administrator\Desktop\bthwani_git\backend-nest\src\modules\cart\cart.controller.ts
PATCH,/delivery/cart/delivery-address,CartController,ApiResponse,C:\Users\Administrator\Desktop\bthwani_git\backend-nest\src\modules\cart\cart.controller.ts
GET,/delivery/cart/count,CartController,ApiResponse,C:\Users\Administrator\Desktop\bthwani_git\backend-nest\src\modules\cart\cart.controller.ts
GET,/delivery/cart/fee,CartController,ApiResponse,C:\Users\Administrator\Desktop\bthwani_git\backend-nest\src\modules\cart\cart.controller.ts
POST,/delivery/cart/merge,CartController,ApiBody,C:\Users\Administrator\Desktop\bthwani_git\backend-nest\src\modules\cart\cart.controller.ts
GET,/delivery/cart/shein,CartController,ApiResponse,C:\Users\Administrator\Desktop\bthwani_git\backend-nest\src\modules\cart\cart.controller.ts
POST,/delivery/cart/shein/items,CartController,ApiResponse,C:\Users\Administrator\Desktop\bthwani_git\backend-nest\src\modules\cart\cart.controller.ts
PATCH,/delivery/cart/shein/items/:sheinProductId,CartController,ApiParam,C:\Users\Administrator\Desktop\bthwani_git\backend-nest\src\modules\cart\cart.controller.ts
DELETE,/delivery/cart/shein/items/:sheinProductId,CartController,ApiParam,C:\Users\Administrator\Desktop\bthwani_git\backend-nest\src\modules\cart\cart.controller.ts
DELETE,/delivery/cart/shein,CartController,ApiResponse,C:\Users\Administrator\Desktop\bthwani_git\backend-nest\src\modules\cart\cart.controller.ts
PATCH,/delivery/cart/shein/shipping,CartController,ApiResponse,C:\Users\Administrator\Desktop\bthwani_git\backend-nest\src\modules\cart\cart.controller.ts
PATCH,/delivery/cart/shein/note,CartController,ApiResponse,C:\Users\Administrator\Desktop\bthwani_git\backend-nest\src\modules\cart\cart.controller.ts
GET,/delivery/cart/combined,CartController,ApiResponse,C:\Users\Administrator\Desktop\bthwani_git\backend-nest\src\modules\cart\cart.controller.ts
DELETE,/delivery/cart/combined/clear-all,CartController,ApiResponse,C:\Users\Administrator\Desktop\bthwani_git\backend-nest\src\modules\cart\cart.controller.ts
GET,/delivery/cart/abandoned,CartController,ApiResponse,C:\Users\Administrator\Desktop\bthwani_git\backend-nest\src\modules\cart\cart.controller.ts
DELETE,/delivery/cart/:cartId/items/:productId,CartController,ApiParam,C:\Users\Administrator\Desktop\bthwani_git\backend-nest\src\modules\cart\cart.controller.ts
POST,/delivery/cart/:cartId/retarget/push,CartController,ApiParam,C:\Users\Administrator\Desktop\bthwani_git\backend-nest\src\modules\cart\cart.controller.ts
GET,/content/banners,ContentController,ApiResponse,C:\Users\Administrator\Desktop\bthwani_git\backend-nest\src\modules\content\content.controller.ts
POST,/content/banners/:id/click,ContentController,ApiParam,C:\Users\Administrator\Desktop\bthwani_git\backend-nest\src\modules\content\content.controller.ts
POST,/content/banners,ContentController,ApiResponse,C:\Users\Administrator\Desktop\bthwani_git\backend-nest\src\modules\content\content.controller.ts
GET,/content/admin/banners,ContentController,ApiResponse,C:\Users\Administrator\Desktop\bthwani_git\backend-nest\src\modules\content\content.controller.ts
PATCH,/content/banners/:id,ContentController,ApiParam,C:\Users\Administrator\Desktop\bthwani_git\backend-nest\src\modules\content\content.controller.ts
DELETE,/content/banners/:id,ContentController,ApiParam,C:\Users\Administrator\Desktop\bthwani_git\backend-nest\src\modules\content\content.controller.ts
GET,/content/stores/:storeId/sections,ContentController,ApiParam,C:\Users\Administrator\Desktop\bthwani_git\backend-nest\src\modules\content\content.controller.ts
POST,/content/sections,ContentController,ApiResponse,C:\Users\Administrator\Desktop\bthwani_git\backend-nest\src\modules\content\content.controller.ts
PATCH,/content/sections/:id,ContentController,ApiParam,C:\Users\Administrator\Desktop\bthwani_git\backend-nest\src\modules\content\content.controller.ts
DELETE,/content/sections/:id,ContentController,ApiParam,C:\Users\Administrator\Desktop\bthwani_git\backend-nest\src\modules\content\content.controller.ts
GET,/content/subscription-plans,ContentController,ApiResponse,C:\Users\Administrator\Desktop\bthwani_git\backend-nest\src\modules\content\content.controller.ts
POST,/content/subscription-plans,ContentController,ApiResponse,C:\Users\Administrator\Desktop\bthwani_git\backend-nest\src\modules\content\content.controller.ts
POST,/content/subscribe,ContentController,ApiResponse,C:\Users\Administrator\Desktop\bthwani_git\backend-nest\src\modules\content\content.controller.ts
GET,/content/my-subscription,ContentController,ApiResponse,C:\Users\Administrator\Desktop\bthwani_git\backend-nest\src\modules\content\content.controller.ts
PATCH,/content/my-subscription/cancel,ContentController,ApiBody,C:\Users\Administrator\Desktop\bthwani_git\backend-nest\src\modules\content\content.controller.ts
GET,/content/pages,ContentController,ApiResponse,C:\Users\Administrator\Desktop\bthwani_git\backend-nest\src\modules\content\content.controller.ts
GET,/content/pages/:slug,ContentController,ApiParam,C:\Users\Administrator\Desktop\bthwani_git\backend-nest\src\modules\content\content.controller.ts
POST,/content/admin/pages,ContentController,ApiBody,C:\Users\Administrator\Desktop\bthwani_git\backend-nest\src\modules\content\content.controller.ts
PATCH,/content/admin/pages/:id,ContentController,ApiParam,C:\Users\Administrator\Desktop\bthwani_git\backend-nest\src\modules\content\content.controller.ts
GET,/content/app-settings,ContentController,ApiResponse,C:\Users\Administrator\Desktop\bthwani_git\backend-nest\src\modules\content\content.controller.ts
PATCH,/content/admin/app-settings,ContentController,ApiBody,C:\Users\Administrator\Desktop\bthwani_git\backend-nest\src\modules\content\content.controller.ts
GET,/content/faqs,ContentController,ApiResponse,C:\Users\Administrator\Desktop\bthwani_git\backend-nest\src\modules\content\content.controller.ts
POST,/content/admin/faqs,ContentController,ApiBody,C:\Users\Administrator\Desktop\bthwani_git\backend-nest\src\modules\content\content.controller.ts
PATCH,/content/admin/faqs/:id,ContentController,ApiParam,C:\Users\Administrator\Desktop\bthwani_git\backend-nest\src\modules\content\content.controller.ts
DELETE,/content/admin/faqs/:id,ContentController,ApiParam,C:\Users\Administrator\Desktop\bthwani_git\backend-nest\src\modules\content\content.controller.ts
POST,/drivers,DriverController,ApiResponse,C:\Users\Administrator\Desktop\bthwani_git\backend-nest\src\modules\driver\driver.controller.ts
GET,/drivers/available,DriverController,ApiResponse,C:\Users\Administrator\Desktop\bthwani_git\backend-nest\src\modules\driver\driver.controller.ts
GET,/drivers/:id,DriverController,ApiParam,C:\Users\Administrator\Desktop\bthwani_git\backend-nest\src\modules\driver\driver.controller.ts
PATCH,/drivers/location,DriverController,ApiResponse,C:\Users\Administrator\Desktop\bthwani_git\backend-nest\src\modules\driver\driver.controller.ts
PATCH,/drivers/availability,DriverController,ApiBody,C:\Users\Administrator\Desktop\bthwani_git\backend-nest\src\modules\driver\driver.controller.ts
GET,/drivers/profile,DriverController,ApiResponse,C:\Users\Administrator\Desktop\bthwani_git\backend-nest\src\modules\driver\driver.controller.ts
PATCH,/drivers/profile,DriverController,ApiBody,C:\Users\Administrator\Desktop\bthwani_git\backend-nest\src\modules\driver\driver.controller.ts
GET,/drivers/earnings,DriverController,ApiResponse,C:\Users\Administrator\Desktop\bthwani_git\backend-nest\src\modules\driver\driver.controller.ts
GET,/drivers/earnings/daily,DriverController,ApiResponse,C:\Users\Administrator\Desktop\bthwani_git\backend-nest\src\modules\driver\driver.controller.ts
GET,/drivers/earnings/weekly,DriverController,ApiResponse,C:\Users\Administrator\Desktop\bthwani_git\backend-nest\src\modules\driver\driver.controller.ts
GET,/drivers/statistics,DriverController,ApiResponse,C:\Users\Administrator\Desktop\bthwani_git\backend-nest\src\modules\driver\driver.controller.ts
POST,/drivers/documents/upload,DriverController,ApiBody,C:\Users\Administrator\Desktop\bthwani_git\backend-nest\src\modules\driver\driver.controller.ts
GET,/drivers/documents,DriverController,ApiResponse,C:\Users\Administrator\Desktop\bthwani_git\backend-nest\src\modules\driver\driver.controller.ts
GET,/drivers/:driverId/documents,DriverController,ApiParam,C:\Users\Administrator\Desktop\bthwani_git\backend-nest\src\modules\driver\driver.controller.ts
POST,/drivers/:driverId/documents/:docId/verify,DriverController,ApiParam,C:\Users\Administrator\Desktop\bthwani_git\backend-nest\src\modules\driver\driver.controller.ts
POST,/drivers/vacations/request,DriverController,ApiBody,C:\Users\Administrator\Desktop\bthwani_git\backend-nest\src\modules\driver\driver.controller.ts
GET,/drivers/vacations/my,DriverController,ApiResponse,C:\Users\Administrator\Desktop\bthwani_git\backend-nest\src\modules\driver\driver.controller.ts
PATCH,/drivers/vacations/:id/cancel,DriverController,ApiParam,C:\Users\Administrator\Desktop\bthwani_git\backend-nest\src\modules\driver\driver.controller.ts
GET,/drivers/vacations/balance,DriverController,ApiResponse,C:\Users\Administrator\Desktop\bthwani_git\backend-nest\src\modules\driver\driver.controller.ts
GET,/drivers/vacations/policy,DriverController,ApiResponse,C:\Users\Administrator\Desktop\bthwani_git\backend-nest\src\modules\driver\driver.controller.ts
GET,/drivers/orders/available,DriverController,ApiResponse,C:\Users\Administrator\Desktop\bthwani_git\backend-nest\src\modules\driver\driver.controller.ts
POST,/drivers/orders/:id/accept,DriverController,ApiParam,C:\Users\Administrator\Desktop\bthwani_git\backend-nest\src\modules\driver\driver.controller.ts
POST,/drivers/orders/:id/reject,DriverController,ApiParam,C:\Users\Administrator\Desktop\bthwani_git\backend-nest\src\modules\driver\driver.controller.ts
POST,/drivers/orders/:id/start-delivery,DriverController,ApiParam,C:\Users\Administrator\Desktop\bthwani_git\backend-nest\src\modules\driver\driver.controller.ts
POST,/drivers/orders/:id/complete,DriverController,ApiParam,C:\Users\Administrator\Desktop\bthwani_git\backend-nest\src\modules\driver\driver.controller.ts
GET,/drivers/orders/history,DriverController,ApiResponse,C:\Users\Administrator\Desktop\bthwani_git\backend-nest\src\modules\driver\driver.controller.ts
POST,/drivers/issues/report,DriverController,ApiBody,C:\Users\Administrator\Desktop\bthwani_git\backend-nest\src\modules\driver\driver.controller.ts
POST,/drivers/change-password,DriverController,ApiBody,C:\Users\Administrator\Desktop\bthwani_git\backend-nest\src\modules\driver\driver.controller.ts
POST,/er/employees,ERController,ApiResponse,C:\Users\Administrator\Desktop\bthwani_git\backend-nest\src\modules\er\er.controller.ts
GET,/er/employees,ERController,ApiResponse,C:\Users\Administrator\Desktop\bthwani_git\backend-nest\src\modules\er\er.controller.ts
GET,/er/employees/:id,ERController,ApiParam,C:\Users\Administrator\Desktop\bthwani_git\backend-nest\src\modules\er\er.controller.ts
PATCH,/er/employees/:id,ERController,ApiParam,C:\Users\Administrator\Desktop\bthwani_git\backend-nest\src\modules\er\er.controller.ts
POST,/er/attendance/check-in,ERController,ApiBody,C:\Users\Administrator\Desktop\bthwani_git\backend-nest\src\modules\er\er.controller.ts
POST,/er/attendance/check-out,ERController,ApiBody,C:\Users\Administrator\Desktop\bthwani_git\backend-nest\src\modules\er\er.controller.ts
GET,/er/attendance/:employeeId,ERController,ApiParam,C:\Users\Administrator\Desktop\bthwani_git\backend-nest\src\modules\er\er.controller.ts
POST,/er/leave-requests,ERController,ApiResponse,C:\Users\Administrator\Desktop\bthwani_git\backend-nest\src\modules\er\er.controller.ts
PATCH,/er/leave-requests/:id/approve,ERController,ApiParam,C:\Users\Administrator\Desktop\bthwani_git\backend-nest\src\modules\er\er.controller.ts
PATCH,/er/leave-requests/:id/reject,ERController,ApiParam,C:\Users\Administrator\Desktop\bthwani_git\backend-nest\src\modules\er\er.controller.ts
POST,/er/payroll/generate,ERController,ApiBody,C:\Users\Administrator\Desktop\bthwani_git\backend-nest\src\modules\er\er.controller.ts
PATCH,/er/payroll/:id/approve,ERController,ApiParam,C:\Users\Administrator\Desktop\bthwani_git\backend-nest\src\modules\er\er.controller.ts
PATCH,/er/payroll/:id/mark-paid,ERController,ApiParam,C:\Users\Administrator\Desktop\bthwani_git\backend-nest\src\modules\er\er.controller.ts
POST,/er/accounts,ERController,ApiResponse,C:\Users\Administrator\Desktop\bthwani_git\backend-nest\src\modules\er\er.controller.ts
GET,/er/accounts,ERController,ApiResponse,C:\Users\Administrator\Desktop\bthwani_git\backend-nest\src\modules\er\er.controller.ts
GET,/er/accounts/:id,ERController,ApiParam,C:\Users\Administrator\Desktop\bthwani_git\backend-nest\src\modules\er\er.controller.ts
POST,/er/journal-entries,ERController,ApiResponse,C:\Users\Administrator\Desktop\bthwani_git\backend-nest\src\modules\er\er.controller.ts
GET,/er/journal-entries,ERController,ApiResponse,C:\Users\Administrator\Desktop\bthwani_git\backend-nest\src\modules\er\er.controller.ts
PATCH,/er/journal-entries/:id/post,ERController,ApiParam,C:\Users\Administrator\Desktop\bthwani_git\backend-nest\src\modules\er\er.controller.ts
GET,/er/reports/trial-balance,ERController,ApiResponse,C:\Users\Administrator\Desktop\bthwani_git\backend-nest\src\modules\er\er.controller.ts
POST,/finance/commissions,FinanceController,ApiResponse,C:\Users\Administrator\Desktop\bthwani_git\backend-nest\src\modules\finance\finance.controller.ts
GET,/finance/commissions/my,FinanceController,ApiResponse,C:\Users\Administrator\Desktop\bthwani_git\backend-nest\src\modules\finance\finance.controller.ts
GET,/finance/commissions/stats/my,FinanceController,ApiResponse,C:\Users\Administrator\Desktop\bthwani_git\backend-nest\src\modules\finance\finance.controller.ts
PATCH,/finance/commissions/:id/approve,FinanceController,ApiParam,C:\Users\Administrator\Desktop\bthwani_git\backend-nest\src\modules\finance\finance.controller.ts
PATCH,/finance/commissions/:id/cancel,FinanceController,ApiParam,C:\Users\Administrator\Desktop\bthwani_git\backend-nest\src\modules\finance\finance.controller.ts
POST,/finance/payouts/batches,FinanceController,ApiBody,C:\Users\Administrator\Desktop\bthwani_git\backend-nest\src\modules\finance\finance.controller.ts
GET,/finance/payouts/batches,FinanceController,ApiResponse,C:\Users\Administrator\Desktop\bthwani_git\backend-nest\src\modules\finance\finance.controller.ts
GET,/finance/payouts/batches/:id,FinanceController,ApiParam,C:\Users\Administrator\Desktop\bthwani_git\backend-nest\src\modules\finance\finance.controller.ts
GET,/finance/payouts/batches/:id/items,FinanceController,ApiParam,C:\Users\Administrator\Desktop\bthwani_git\backend-nest\src\modules\finance\finance.controller.ts
PATCH,/finance/payouts/batches/:id/approve,FinanceController,ApiParam,C:\Users\Administrator\Desktop\bthwani_git\backend-nest\src\modules\finance\finance.controller.ts
PATCH,/finance/payouts/batches/:id/complete,FinanceController,ApiParam,C:\Users\Administrator\Desktop\bthwani_git\backend-nest\src\modules\finance\finance.controller.ts
POST,/finance/settlements,FinanceController,ApiResponse,C:\Users\Administrator\Desktop\bthwani_git\backend-nest\src\modules\finance\finance.controller.ts
GET,/finance/settlements/entity/:entityId,FinanceController,ApiParam,C:\Users\Administrator\Desktop\bthwani_git\backend-nest\src\modules\finance\finance.controller.ts
GET,/finance/settlements/:id,FinanceController,ApiParam,C:\Users\Administrator\Desktop\bthwani_git\backend-nest\src\modules\finance\finance.controller.ts
PATCH,/finance/settlements/:id/approve,FinanceController,ApiParam,C:\Users\Administrator\Desktop\bthwani_git\backend-nest\src\modules\finance\finance.controller.ts
POST,/finance/coupons,FinanceController,ApiResponse,C:\Users\Administrator\Desktop\bthwani_git\backend-nest\src\modules\finance\finance.controller.ts
POST,/finance/coupons/validate,FinanceController,ApiResponse,C:\Users\Administrator\Desktop\bthwani_git\backend-nest\src\modules\finance\finance.controller.ts
GET,/finance/coupons,FinanceController,ApiResponse,C:\Users\Administrator\Desktop\bthwani_git\backend-nest\src\modules\finance\finance.controller.ts
PATCH,/finance/coupons/:id,FinanceController,ApiParam,C:\Users\Administrator\Desktop\bthwani_git\backend-nest\src\modules\finance\finance.controller.ts
POST,/finance/reconciliations,FinanceController,ApiBody,C:\Users\Administrator\Desktop\bthwani_git\backend-nest\src\modules\finance\finance.controller.ts
GET,/finance/reconciliations,FinanceController,ApiResponse,C:\Users\Administrator\Desktop\bthwani_git\backend-nest\src\modules\finance\finance.controller.ts
GET,/finance/reconciliations/:id,FinanceController,ApiParam,C:\Users\Administrator\Desktop\bthwani_git\backend-nest\src\modules\finance\finance.controller.ts
PATCH,/finance/reconciliations/:id/actual-totals,FinanceController,ApiParam,C:\Users\Administrator\Desktop\bthwani_git\backend-nest\src\modules\finance\finance.controller.ts
POST,/finance/reconciliations/:id/issues,FinanceController,ApiParam,C:\Users\Administrator\Desktop\bthwani_git\backend-nest\src\modules\finance\finance.controller.ts
PATCH,/finance/reconciliations/:id/issues/:issueIndex/resolve,FinanceController,ApiParam,C:\Users\Administrator\Desktop\bthwani_git\backend-nest\src\modules\finance\finance.controller.ts
POST,/finance/reports/daily,FinanceController,ApiBody,C:\Users\Administrator\Desktop\bthwani_git\backend-nest\src\modules\finance\finance.controller.ts
GET,/finance/reports/daily/:date,FinanceController,ApiParam,C:\Users\Administrator\Desktop\bthwani_git\backend-nest\src\modules\finance\finance.controller.ts
GET,/finance/reports,FinanceController,ApiResponse,C:\Users\Administrator\Desktop\bthwani_git\backend-nest\src\modules\finance\finance.controller.ts
PATCH,/finance/reports/:id/finalize,FinanceController,ApiParam,C:\Users\Administrator\Desktop\bthwani_git\backend-nest\src\modules\finance\finance.controller.ts
GET,/finance/commission-plans,FinanceController,ApiResponse,C:\Users\Administrator\Desktop\bthwani_git\backend-nest\src\modules\finance\finance.controller.ts
POST,/finance/commission-plans,FinanceController,ApiBody,C:\Users\Administrator\Desktop\bthwani_git\backend-nest\src\modules\finance\finance.controller.ts
PATCH,/finance/commission-plans/:id,FinanceController,ApiParam,C:\Users\Administrator\Desktop\bthwani_git\backend-nest\src\modules\finance\finance.controller.ts
GET,/health,HealthController,Public,C:\Users\Administrator\Desktop\bthwani_git\backend-nest\src\modules\health\health.controller.ts
GET,/health/liveness,HealthController,Public,C:\Users\Administrator\Desktop\bthwani_git\backend-nest\src\modules\health\health.controller.ts
GET,/health/readiness,HealthController,Public,C:\Users\Administrator\Desktop\bthwani_git\backend-nest\src\modules\health\health.controller.ts
GET,/health/advanced,HealthController,Public,C:\Users\Administrator\Desktop\bthwani_git\backend-nest\src\modules\health\health.controller.ts
GET,/health/startup,HealthController,Public,C:\Users\Administrator\Desktop\bthwani_git\backend-nest\src\modules\health\health.controller.ts
GET,/health/detailed,HealthController,Public,C:\Users\Administrator\Desktop\bthwani_git\backend-nest\src\modules\health\health.controller.ts
GET,/health/metrics,HealthController,Public,C:\Users\Administrator\Desktop\bthwani_git\backend-nest\src\modules\health\health.controller.ts
GET,/health/info,HealthController,Public,C:\Users\Administrator\Desktop\bthwani_git\backend-nest\src\modules\health\health.controller.ts
GET,/legal/privacy-policy,LegalController,ApiResponse,C:\Users\Administrator\Desktop\bthwani_git\backend-nest\src\modules\legal\legal.controller.ts
GET,/legal/terms-of-service,LegalController,ApiResponse,C:\Users\Administrator\Desktop\bthwani_git\backend-nest\src\modules\legal\legal.controller.ts
POST,/legal/consent,LegalController,UseGuards,C:\Users\Administrator\Desktop\bthwani_git\backend-nest\src\modules\legal\legal.controller.ts
GET,/legal/consent/my,LegalController,UseGuards,C:\Users\Administrator\Desktop\bthwani_git\backend-nest\src\modules\legal\legal.controller.ts
GET,/legal/consent/check/:type,LegalController,UseGuards,C:\Users\Administrator\Desktop\bthwani_git\backend-nest\src\modules\legal\legal.controller.ts
GET,/legal/admin/privacy-policies,LegalController,ApiResponse,C:\Users\Administrator\Desktop\bthwani_git\backend-nest\src\modules\legal\legal.controller.ts
POST,/legal/admin/privacy-policy,LegalController,ApiResponse,C:\Users\Administrator\Desktop\bthwani_git\backend-nest\src\modules\legal\legal.controller.ts
PATCH,/legal/admin/privacy-policy/:id/activate,LegalController,ApiParam,C:\Users\Administrator\Desktop\bthwani_git\backend-nest\src\modules\legal\legal.controller.ts
GET,/legal/admin/terms-of-service,LegalController,ApiResponse,C:\Users\Administrator\Desktop\bthwani_git\backend-nest\src\modules\legal\legal.controller.ts
POST,/legal/admin/terms-of-service,LegalController,ApiResponse,C:\Users\Administrator\Desktop\bthwani_git\backend-nest\src\modules\legal\legal.controller.ts
PATCH,/legal/admin/terms-of-service/:id/activate,LegalController,ApiParam,C:\Users\Administrator\Desktop\bthwani_git\backend-nest\src\modules\legal\legal.controller.ts
GET,/legal/admin/consent/statistics,LegalController,ApiResponse,C:\Users\Administrator\Desktop\bthwani_git\backend-nest\src\modules\legal\legal.controller.ts
GET,/marketer/profile,MarketerController,ApiResponse,C:\Users\Administrator\Desktop\bthwani_git\backend-nest\src\modules\marketer\marketer.controller.ts
PATCH,/marketer/profile,MarketerController,ApiBody,C:\Users\Administrator\Desktop\bthwani_git\backend-nest\src\modules\marketer\marketer.controller.ts
POST,/marketer/referrals/generate-code,MarketerController,ApiResponse,C:\Users\Administrator\Desktop\bthwani_git\backend-nest\src\modules\marketer\marketer.controller.ts
GET,/marketer/referrals/my,MarketerController,ApiResponse,C:\Users\Administrator\Desktop\bthwani_git\backend-nest\src\modules\marketer\marketer.controller.ts
GET,/marketer/referrals/statistics,MarketerController,ApiResponse,C:\Users\Administrator\Desktop\bthwani_git\backend-nest\src\modules\marketer\marketer.controller.ts
GET,/marketer/stores/my,MarketerController,ApiResponse,C:\Users\Administrator\Desktop\bthwani_git\backend-nest\src\modules\marketer\marketer.controller.ts
GET,/marketer/stores/:id,MarketerController,ApiParam,C:\Users\Administrator\Desktop\bthwani_git\backend-nest\src\modules\marketer\marketer.controller.ts
GET,/marketer/stores/:id/performance,MarketerController,ApiParam,C:\Users\Administrator\Desktop\bthwani_git\backend-nest\src\modules\marketer\marketer.controller.ts
GET,/marketer/vendors/my,MarketerController,ApiResponse,C:\Users\Administrator\Desktop\bthwani_git\backend-nest\src\modules\marketer\marketer.controller.ts
GET,/marketer/vendors/:id,MarketerController,ApiParam,C:\Users\Administrator\Desktop\bthwani_git\backend-nest\src\modules\marketer\marketer.controller.ts
GET,/marketer/commissions/my,MarketerController,ApiResponse,C:\Users\Administrator\Desktop\bthwani_git\backend-nest\src\modules\marketer\marketer.controller.ts
GET,/marketer/commissions/statistics,MarketerController,ApiResponse,C:\Users\Administrator\Desktop\bthwani_git\backend-nest\src\modules\marketer\marketer.controller.ts
GET,/marketer/commissions/pending,MarketerController,ApiResponse,C:\Users\Administrator\Desktop\bthwani_git\backend-nest\src\modules\marketer\marketer.controller.ts
GET,/marketer/overview,MarketerController,ApiResponse,C:\Users\Administrator\Desktop\bthwani_git\backend-nest\src\modules\marketer\marketer.controller.ts
GET,/marketer/statistics/today,MarketerController,ApiResponse,C:\Users\Administrator\Desktop\bthwani_git\backend-nest\src\modules\marketer\marketer.controller.ts
GET,/marketer/statistics/month,MarketerController,ApiResponse,C:\Users\Administrator\Desktop\bthwani_git\backend-nest\src\modules\marketer\marketer.controller.ts
GET,/marketer/earnings,MarketerController,ApiResponse,C:\Users\Administrator\Desktop\bthwani_git\backend-nest\src\modules\marketer\marketer.controller.ts
GET,/marketer/earnings/breakdown,MarketerController,ApiResponse,C:\Users\Administrator\Desktop\bthwani_git\backend-nest\src\modules\marketer\marketer.controller.ts
POST,/marketer/files/upload,MarketerController,ApiBody,C:\Users\Administrator\Desktop\bthwani_git\backend-nest\src\modules\marketer\marketer.controller.ts
GET,/marketer/files,MarketerController,ApiResponse,C:\Users\Administrator\Desktop\bthwani_git\backend-nest\src\modules\marketer\marketer.controller.ts
GET,/marketer/notifications,MarketerController,ApiResponse,C:\Users\Administrator\Desktop\bthwani_git\backend-nest\src\modules\marketer\marketer.controller.ts
PATCH,/marketer/notifications/:id/read,MarketerController,ApiParam,C:\Users\Administrator\Desktop\bthwani_git\backend-nest\src\modules\marketer\marketer.controller.ts
GET,/marketer/territory/stats,MarketerController,ApiResponse,C:\Users\Administrator\Desktop\bthwani_git\backend-nest\src\modules\marketer\marketer.controller.ts
POST,/merchants,MerchantController,ApiResponse,C:\Users\Administrator\Desktop\bthwani_git\backend-nest\src\modules\merchant\merchant.controller.ts
GET,/merchants,MerchantController,ApiResponse,C:\Users\Administrator\Desktop\bthwani_git\backend-nest\src\modules\merchant\merchant.controller.ts
GET,/merchants/:id,MerchantController,ApiParam,C:\Users\Administrator\Desktop\bthwani_git\backend-nest\src\modules\merchant\merchant.controller.ts
PATCH,/merchants/:id,MerchantController,ApiParam,C:\Users\Administrator\Desktop\bthwani_git\backend-nest\src\modules\merchant\merchant.controller.ts
DELETE,/merchants/:id,MerchantController,ApiParam,C:\Users\Administrator\Desktop\bthwani_git\backend-nest\src\modules\merchant\merchant.controller.ts
POST,/merchants/catalog/products,MerchantController,ApiResponse,C:\Users\Administrator\Desktop\bthwani_git\backend-nest\src\modules\merchant\merchant.controller.ts
GET,/merchants/catalog/products,MerchantController,ApiResponse,C:\Users\Administrator\Desktop\bthwani_git\backend-nest\src\modules\merchant\merchant.controller.ts
GET,/merchants/catalog/products/:id,MerchantController,ApiParam,C:\Users\Administrator\Desktop\bthwani_git\backend-nest\src\modules\merchant\merchant.controller.ts
PATCH,/merchants/catalog/products/:id,MerchantController,ApiParam,C:\Users\Administrator\Desktop\bthwani_git\backend-nest\src\modules\merchant\merchant.controller.ts
GET,/merchants/products,MerchantController,ApiResponse,C:\Users\Administrator\Desktop\bthwani_git\backend-nest\src\modules\merchant\merchant.controller.ts
POST,/merchants/products,MerchantController,ApiResponse,C:\Users\Administrator\Desktop\bthwani_git\backend-nest\src\modules\merchant\merchant.controller.ts
GET,/merchants/products/:id,MerchantController,ApiParam,C:\Users\Administrator\Desktop\bthwani_git\backend-nest\src\modules\merchant\merchant.controller.ts
GET,/merchants/:merchantId/products,MerchantController,ApiParam,C:\Users\Administrator\Desktop\bthwani_git\backend-nest\src\modules\merchant\merchant.controller.ts
GET,/merchants/stores/:storeId/products,MerchantController,ApiParam,C:\Users\Administrator\Desktop\bthwani_git\backend-nest\src\modules\merchant\merchant.controller.ts
PATCH,/merchants/products/:id,MerchantController,ApiParam,C:\Users\Administrator\Desktop\bthwani_git\backend-nest\src\modules\merchant\merchant.controller.ts
PATCH,/merchants/products/:id/stock,MerchantController,ApiParam,C:\Users\Administrator\Desktop\bthwani_git\backend-nest\src\modules\merchant\merchant.controller.ts
DELETE,/merchants/products/:id,MerchantController,ApiParam,C:\Users\Administrator\Desktop\bthwani_git\backend-nest\src\modules\merchant\merchant.controller.ts
POST,/merchants/categories,MerchantController,ApiResponse,C:\Users\Administrator\Desktop\bthwani_git\backend-nest\src\modules\merchant\merchant.controller.ts
GET,/merchants/categories,MerchantController,ApiResponse,C:\Users\Administrator\Desktop\bthwani_git\backend-nest\src\modules\merchant\merchant.controller.ts
PATCH,/merchants/categories/:id,MerchantController,ApiParam,C:\Users\Administrator\Desktop\bthwani_git\backend-nest\src\modules\merchant\merchant.controller.ts
POST,/merchants/attributes,MerchantController,ApiResponse,C:\Users\Administrator\Desktop\bthwani_git\backend-nest\src\modules\merchant\merchant.controller.ts
GET,/merchants/attributes,MerchantController,ApiResponse,C:\Users\Administrator\Desktop\bthwani_git\backend-nest\src\modules\merchant\merchant.controller.ts
PATCH,/merchants/attributes/:id,MerchantController,ApiParam,C:\Users\Administrator\Desktop\bthwani_git\backend-nest\src\modules\merchant\merchant.controller.ts
GET,/metrics,MetricsController,Public,C:\Users\Administrator\Desktop\bthwani_git\backend-nest\src\modules\metrics\metrics.controller.ts
GET,/metrics/json,MetricsController,Public,C:\Users\Administrator\Desktop\bthwani_git\backend-nest\src\modules\metrics\metrics.controller.ts
POST,/notifications,NotificationController,ApiResponse,C:\Users\Administrator\Desktop\bthwani_git\backend-nest\src\modules\notification\notification.controller.ts
GET,/notifications/my,NotificationController,ApiResponse,C:\Users\Administrator\Desktop\bthwani_git\backend-nest\src\modules\notification\notification.controller.ts
POST,/notifications/:id/read,NotificationController,ApiParam,C:\Users\Administrator\Desktop\bthwani_git\backend-nest\src\modules\notification\notification.controller.ts
GET,/notifications/unread/count,NotificationController,ApiResponse,C:\Users\Administrator\Desktop\bthwani_git\backend-nest\src\modules\notification\notification.controller.ts
POST,/notifications/read-all,NotificationController,ApiResponse,C:\Users\Administrator\Desktop\bthwani_git\backend-nest\src\modules\notification\notification.controller.ts
DELETE,/notifications/:id,NotificationController,ApiParam,C:\Users\Administrator\Desktop\bthwani_git\backend-nest\src\modules\notification\notification.controller.ts
POST,/notifications/suppression,NotificationController,ApiResponse,C:\Users\Administrator\Desktop\bthwani_git\backend-nest\src\modules\notification\notification.controller.ts
GET,/notifications/suppression,NotificationController,ApiResponse,C:\Users\Administrator\Desktop\bthwani_git\backend-nest\src\modules\notification\notification.controller.ts
GET,/notifications/suppression/channels,NotificationController,ApiResponse,C:\Users\Administrator\Desktop\bthwani_git\backend-nest\src\modules\notification\notification.controller.ts
DELETE,/notifications/suppression/:id,NotificationController,ApiParam,C:\Users\Administrator\Desktop\bthwani_git\backend-nest\src\modules\notification\notification.controller.ts
DELETE,/notifications/suppression/channel/:channel,NotificationController,ApiParam,C:\Users\Administrator\Desktop\bthwani_git\backend-nest\src\modules\notification\notification.controller.ts
GET,/notifications/suppression/stats,NotificationController,ApiResponse,C:\Users\Administrator\Desktop\bthwani_git\backend-nest\src\modules\notification\notification.controller.ts
POST,/notifications/send-bulk,NotificationController,ApiBody,C:\Users\Administrator\Desktop\bthwani_git\backend-nest\src\modules\notification\notification.controller.ts
POST,/onboarding,OnboardingController,ApiResponse,C:\Users\Administrator\Desktop\bthwani_git\backend-nest\src\modules\onboarding\onboarding.controller.ts
GET,/onboarding/my,OnboardingController,ApiResponse,C:\Users\Administrator\Desktop\bthwani_git\backend-nest\src\modules\onboarding\onboarding.controller.ts
POST,/onboarding/quick-onboard,OnboardingController,ApiResponse,C:\Users\Administrator\Desktop\bthwani_git\backend-nest\src\modules\onboarding\onboarding.controller.ts
GET,/onboarding/applications,OnboardingController,ApiResponse,C:\Users\Administrator\Desktop\bthwani_git\backend-nest\src\modules\onboarding\onboarding.controller.ts
GET,/onboarding/:id/details,OnboardingController,ApiParam,C:\Users\Administrator\Desktop\bthwani_git\backend-nest\src\modules\onboarding\onboarding.controller.ts
PATCH,/onboarding/:id/approve,OnboardingController,ApiParam,C:\Users\Administrator\Desktop\bthwani_git\backend-nest\src\modules\onboarding\onboarding.controller.ts
PATCH,/onboarding/:id/reject,OnboardingController,ApiParam,C:\Users\Administrator\Desktop\bthwani_git\backend-nest\src\modules\onboarding\onboarding.controller.ts
GET,/onboarding/statistics,OnboardingController,ApiResponse,C:\Users\Administrator\Desktop\bthwani_git\backend-nest\src\modules\onboarding\onboarding.controller.ts
POST,/orders-cqrs,OrderCqrsController,ApiResponse,C:\Users\Administrator\Desktop\bthwani_git\backend-nest\src\modules\order\order-cqrs.controller.ts
PATCH,/orders-cqrs/:id/status,OrderCqrsController,ApiParam,C:\Users\Administrator\Desktop\bthwani_git\backend-nest\src\modules\order\order-cqrs.controller.ts
POST,/orders-cqrs/:id/assign-driver,OrderCqrsController,ApiParam,C:\Users\Administrator\Desktop\bthwani_git\backend-nest\src\modules\order\order-cqrs.controller.ts
POST,/orders-cqrs/:id/cancel,OrderCqrsController,ApiParam,C:\Users\Administrator\Desktop\bthwani_git\backend-nest\src\modules\order\order-cqrs.controller.ts
GET,/orders-cqrs/:id,OrderCqrsController,ApiParam,C:\Users\Administrator\Desktop\bthwani_git\backend-nest\src\modules\order\order-cqrs.controller.ts
GET,/orders-cqrs,OrderCqrsController,ApiResponse,C:\Users\Administrator\Desktop\bthwani_git\backend-nest\src\modules\order\order-cqrs.controller.ts
POST,/delivery/order,OrderController,ApiResponse,C:\Users\Administrator\Desktop\bthwani_git\backend-nest\src\modules\order\order.controller.ts
GET,/delivery/order/user/:userId,OrderController,ApiParam,C:\Users\Administrator\Desktop\bthwani_git\backend-nest\src\modules\order\order.controller.ts
GET,/delivery/order/my-orders,OrderController,ApiResponse,C:\Users\Administrator\Desktop\bthwani_git\backend-nest\src\modules\order\order.controller.ts
GET,/delivery/order/:id,OrderController,ApiOperation,C:\Users\Administrator\Desktop\bthwani_git\backend-nest\src\modules\order\order.controller.ts
POST,/delivery/order/:id/assign-driver,OrderController,ApiParam,C:\Users\Administrator\Desktop\bthwani_git\backend-nest\src\modules\order\order.controller.ts
POST,/delivery/order/:id/notes,OrderController,ApiParam,C:\Users\Administrator\Desktop\bthwani_git\backend-nest\src\modules\order\order.controller.ts
GET,/delivery/order/:id/notes,OrderController,ApiParam,C:\Users\Administrator\Desktop\bthwani_git\backend-nest\src\modules\order\order.controller.ts
GET,/delivery/order/vendor/orders,OrderController,ApiResponse,C:\Users\Administrator\Desktop\bthwani_git\backend-nest\src\modules\order\order.controller.ts
POST,/delivery/order/:id/vendor-accept,OrderController,ApiParam,C:\Users\Administrator\Desktop\bthwani_git\backend-nest\src\modules\order\order.controller.ts
POST,/delivery/order/:id/vendor-cancel,OrderController,ApiParam,C:\Users\Administrator\Desktop\bthwani_git\backend-nest\src\modules\order\order.controller.ts
POST,/delivery/order/:id/pod,OrderController,ApiParam,C:\Users\Administrator\Desktop\bthwani_git\backend-nest\src\modules\order\order.controller.ts
GET,/delivery/order/:id/pod,OrderController,ApiParam,C:\Users\Administrator\Desktop\bthwani_git\backend-nest\src\modules\order\order.controller.ts
POST,/delivery/order/:id/cancel,OrderController,ApiParam,C:\Users\Administrator\Desktop\bthwani_git\backend-nest\src\modules\order\order.controller.ts
POST,/delivery/order/:id/return,OrderController,ApiParam,C:\Users\Administrator\Desktop\bthwani_git\backend-nest\src\modules\order\order.controller.ts
POST,/delivery/order/:id/rate,OrderController,ApiParam,C:\Users\Administrator\Desktop\bthwani_git\backend-nest\src\modules\order\order.controller.ts
POST,/delivery/order/:id/repeat,OrderController,ApiParam,C:\Users\Administrator\Desktop\bthwani_git\backend-nest\src\modules\order\order.controller.ts
PATCH,/delivery/order/:id/admin-status,OrderController,ApiParam,C:\Users\Administrator\Desktop\bthwani_git\backend-nest\src\modules\order\order.controller.ts
GET,/delivery/order/export,OrderController,ApiResponse,C:\Users\Administrator\Desktop\bthwani_git\backend-nest\src\modules\order\order.controller.ts
GET,/delivery/order/:id/tracking,OrderController,ApiParam,C:\Users\Administrator\Desktop\bthwani_git\backend-nest\src\modules\order\order.controller.ts
POST,/delivery/order/:id/schedule,OrderController,ApiParam,C:\Users\Administrator\Desktop\bthwani_git\backend-nest\src\modules\order\order.controller.ts
GET,/delivery/order/public/:id/status,OrderController,Public,C:\Users\Administrator\Desktop\bthwani_git\backend-nest\src\modules\order\order.controller.ts
GET,/delivery/order/:id/live-tracking,OrderController,ApiParam,C:\Users\Administrator\Desktop\bthwani_git\backend-nest\src\modules\order\order.controller.ts
GET,/delivery/order/:id/driver-eta,OrderController,ApiParam,C:\Users\Administrator\Desktop\bthwani_git\backend-nest\src\modules\order\order.controller.ts
POST,/delivery/order/:id/update-location,OrderController,ApiParam,C:\Users\Administrator\Desktop\bthwani_git\backend-nest\src\modules\order\order.controller.ts
GET,/delivery/order/:id/route-history,OrderController,ApiParam,C:\Users\Administrator\Desktop\bthwani_git\backend-nest\src\modules\order\order.controller.ts
GET,/delivery/order/:id/delivery-timeline,OrderController,ApiParam,C:\Users\Administrator\Desktop\bthwani_git\backend-nest\src\modules\order\order.controller.ts
GET,/promotions/by-placement,PromotionController,ApiQuery,C:\Users\Administrator\Desktop\bthwani_git\backend-nest\src\modules\promotion\promotion.controller.ts
POST,/promotions/:id/click,PromotionController,ApiParam,C:\Users\Administrator\Desktop\bthwani_git\backend-nest\src\modules\promotion\promotion.controller.ts
POST,/promotions/:id/conversion,PromotionController,ApiParam,C:\Users\Administrator\Desktop\bthwani_git\backend-nest\src\modules\promotion\promotion.controller.ts
POST,/promotions,PromotionController,ApiResponse,C:\Users\Administrator\Desktop\bthwani_git\backend-nest\src\modules\promotion\promotion.controller.ts
GET,/promotions,PromotionController,ApiResponse,C:\Users\Administrator\Desktop\bthwani_git\backend-nest\src\modules\promotion\promotion.controller.ts
GET,/promotions/:id,PromotionController,ApiParam,C:\Users\Administrator\Desktop\bthwani_git\backend-nest\src\modules\promotion\promotion.controller.ts
PATCH,/promotions/:id,PromotionController,ApiParam,C:\Users\Administrator\Desktop\bthwani_git\backend-nest\src\modules\promotion\promotion.controller.ts
DELETE,/promotions/:id,PromotionController,ApiParam,C:\Users\Administrator\Desktop\bthwani_git\backend-nest\src\modules\promotion\promotion.controller.ts
GET,/promotions/stats/overview,PromotionController,ApiResponse,C:\Users\Administrator\Desktop\bthwani_git\backend-nest\src\modules\promotion\promotion.controller.ts
GET,/shifts,ShiftController,ApiResponse,C:\Users\Administrator\Desktop\bthwani_git\backend-nest\src\modules\shift\shift.controller.ts
POST,/shifts,ShiftController,ApiResponse,C:\Users\Administrator\Desktop\bthwani_git\backend-nest\src\modules\shift\shift.controller.ts
PATCH,/shifts/:id,ShiftController,ApiParam,C:\Users\Administrator\Desktop\bthwani_git\backend-nest\src\modules\shift\shift.controller.ts
POST,/shifts/:shiftId/assign/:driverId,ShiftController,ApiParam,C:\Users\Administrator\Desktop\bthwani_git\backend-nest\src\modules\shift\shift.controller.ts
GET,/shifts/driver/:driverId,ShiftController,ApiParam,C:\Users\Administrator\Desktop\bthwani_git\backend-nest\src\modules\shift\shift.controller.ts
GET,/shifts/my-shifts,ShiftController,ApiResponse,C:\Users\Administrator\Desktop\bthwani_git\backend-nest\src\modules\shift\shift.controller.ts
GET,/delivery/stores,DeliveryStoreController,ApiResponse,C:\Users\Administrator\Desktop\bthwani_git\backend-nest\src\modules\store\delivery-store.controller.ts
GET,/delivery/stores/search,DeliveryStoreController,ApiResponse,C:\Users\Administrator\Desktop\bthwani_git\backend-nest\src\modules\store\delivery-store.controller.ts
GET,/delivery/stores/:id,DeliveryStoreController,ApiParam,C:\Users\Administrator\Desktop\bthwani_git\backend-nest\src\modules\store\delivery-store.controller.ts
GET,/delivery/stores/:id/products,DeliveryStoreController,ApiParam,C:\Users\Administrator\Desktop\bthwani_git\backend-nest\src\modules\store\delivery-store.controller.ts
GET,/delivery/stores/:id/statistics,DeliveryStoreController,ApiParam,C:\Users\Administrator\Desktop\bthwani_git\backend-nest\src\modules\store\delivery-store.controller.ts
GET,/delivery/stores/:id/reviews,DeliveryStoreController,ApiParam,C:\Users\Administrator\Desktop\bthwani_git\backend-nest\src\modules\store\delivery-store.controller.ts
POST,/admin/stores,StoreController,ApiResponse,C:\Users\Administrator\Desktop\bthwani_git\backend-nest\src\modules\store\store.controller.ts
GET,/admin/stores,StoreController,ApiResponse,C:\Users\Administrator\Desktop\bthwani_git\backend-nest\src\modules\store\store.controller.ts
GET,/admin/stores/:id,StoreController,ApiParam,C:\Users\Administrator\Desktop\bthwani_git\backend-nest\src\modules\store\store.controller.ts
POST,/admin/stores/products,StoreController,ApiResponse,C:\Users\Administrator\Desktop\bthwani_git\backend-nest\src\modules\store\store.controller.ts
GET,/admin/stores/:id/products,StoreController,ApiParam,C:\Users\Administrator\Desktop\bthwani_git\backend-nest\src\modules\store\store.controller.ts
PATCH,/admin/stores/:id,StoreController,ApiParam,C:\Users\Administrator\Desktop\bthwani_git\backend-nest\src\modules\store\store.controller.ts
POST,/admin/stores/:id/activate,StoreController,ApiParam,C:\Users\Administrator\Desktop\bthwani_git\backend-nest\src\modules\store\store.controller.ts
POST,/admin/stores/:id/deactivate,StoreController,ApiParam,C:\Users\Administrator\Desktop\bthwani_git\backend-nest\src\modules\store\store.controller.ts
POST,/admin/stores/:id/force-close,StoreController,ApiParam,C:\Users\Administrator\Desktop\bthwani_git\backend-nest\src\modules\store\store.controller.ts
POST,/admin/stores/:id/force-open,StoreController,ApiParam,C:\Users\Administrator\Desktop\bthwani_git\backend-nest\src\modules\store\store.controller.ts
PATCH,/admin/stores/products/:id,StoreController,ApiParam,C:\Users\Administrator\Desktop\bthwani_git\backend-nest\src\modules\store\store.controller.ts
GET,/admin/stores/:id/analytics,StoreController,ApiParam,C:\Users\Administrator\Desktop\bthwani_git\backend-nest\src\modules\store\store.controller.ts
GET,/admin/stores/products/:id/variants,StoreController,ApiParam,C:\Users\Administrator\Desktop\bthwani_git\backend-nest\src\modules\store\store.controller.ts
POST,/admin/stores/products/:id/variants,StoreController,ApiParam,C:\Users\Administrator\Desktop\bthwani_git\backend-nest\src\modules\store\store.controller.ts
GET,/admin/stores/:id/inventory,StoreController,ApiParam,C:\Users\Administrator\Desktop\bthwani_git\backend-nest\src\modules\store\store.controller.ts
DELETE,/admin/stores/:id,StoreController,ApiParam,C:\Users\Administrator\Desktop\bthwani_git\backend-nest\src\modules\store\store.controller.ts
GET,/admin/stores/pending,StoreController,ApiResponse,C:\Users\Administrator\Desktop\bthwani_git\backend-nest\src\modules\store\store.controller.ts
POST,/admin/stores/:id/approve,StoreController,ApiParam,C:\Users\Administrator\Desktop\bthwani_git\backend-nest\src\modules\store\store.controller.ts
POST,/admin/stores/:id/reject,StoreController,ApiParam,C:\Users\Administrator\Desktop\bthwani_git\backend-nest\src\modules\store\store.controller.ts
POST,/admin/stores/:id/suspend,StoreController,ApiParam,C:\Users\Administrator\Desktop\bthwani_git\backend-nest\src\modules\store\store.controller.ts
POST,/support/tickets,SupportController,ApiResponse,C:\Users\Administrator\Desktop\bthwani_git\backend-nest\src\modules\support\support.controller.ts
GET,/support/tickets,SupportController,ApiResponse,C:\Users\Administrator\Desktop\bthwani_git\backend-nest\src\modules\support\support.controller.ts
GET,/support/tickets/:id,SupportController,ApiParam,C:\Users\Administrator\Desktop\bthwani_git\backend-nest\src\modules\support\support.controller.ts
PATCH,/support/tickets/:id/messages,SupportController,ApiParam,C:\Users\Administrator\Desktop\bthwani_git\backend-nest\src\modules\support\support.controller.ts
PATCH,/support/tickets/:id/rate,SupportController,ApiParam,C:\Users\Administrator\Desktop\bthwani_git\backend-nest\src\modules\support\support.controller.ts
GET,/support/stats,SupportController,ApiResponse,C:\Users\Administrator\Desktop\bthwani_git\backend-nest\src\modules\support\support.controller.ts
PATCH,/support/admin/tickets/:id/assign,SupportController,ApiParam,C:\Users\Administrator\Desktop\bthwani_git\backend-nest\src\modules\support\support.controller.ts
PATCH,/support/admin/tickets/:id/resolve,SupportController,ApiParam,C:\Users\Administrator\Desktop\bthwani_git\backend-nest\src\modules\support\support.controller.ts
GET,/support/admin/sla-metrics,SupportController,ApiResponse,C:\Users\Administrator\Desktop\bthwani_git\backend-nest\src\modules\support\support.controller.ts
GET,/v2/users/me,UserController,ApiResponse,C:\Users\Administrator\Desktop\bthwani_git\backend-nest\src\modules\user\user.controller.ts
PATCH,/v2/users/me,UserController,ApiResponse,C:\Users\Administrator\Desktop\bthwani_git\backend-nest\src\modules\user\user.controller.ts
GET,/v2/users/addresses,UserController,ApiResponse,C:\Users\Administrator\Desktop\bthwani_git\backend-nest\src\modules\user\user.controller.ts
POST,/v2/users/addresses,UserController,ApiResponse,C:\Users\Administrator\Desktop\bthwani_git\backend-nest\src\modules\user\user.controller.ts
PATCH,/v2/users/addresses/:addressId,UserController,ApiParam,C:\Users\Administrator\Desktop\bthwani_git\backend-nest\src\modules\user\user.controller.ts
DELETE,/v2/users/addresses/:addressId,UserController,ApiParam,C:\Users\Administrator\Desktop\bthwani_git\backend-nest\src\modules\user\user.controller.ts
POST,/v2/users/addresses/:addressId/set-default,UserController,ApiParam,C:\Users\Administrator\Desktop\bthwani_git\backend-nest\src\modules\user\user.controller.ts
DELETE,/v2/users/deactivate,UserController,ApiResponse,C:\Users\Administrator\Desktop\bthwani_git\backend-nest\src\modules\user\user.controller.ts
GET,/v2/users/search,UserController,ApiResponse,C:\Users\Administrator\Desktop\bthwani_git\backend-nest\src\modules\user\user.controller.ts
POST,/v2/users/pin/set,UserController,ApiResponse,C:\Users\Administrator\Desktop\bthwani_git\backend-nest\src\modules\user\user.controller.ts
POST,/v2/users/pin/verify,UserController,ApiResponse,C:\Users\Administrator\Desktop\bthwani_git\backend-nest\src\modules\user\user.controller.ts
POST,/v2/users/pin/change,UserController,ApiResponse,C:\Users\Administrator\Desktop\bthwani_git\backend-nest\src\modules\user\user.controller.ts
GET,/v2/users/pin/status,UserController,ApiResponse,C:\Users\Administrator\Desktop\bthwani_git\backend-nest\src\modules\user\user.controller.ts
DELETE,/v2/users/pin/reset/:userId,UserController,ApiParam,C:\Users\Administrator\Desktop\bthwani_git\backend-nest\src\modules\user\user.controller.ts
GET,/utility/options,UtilityController,ApiResponse,C:\Users\Administrator\Desktop\bthwani_git\backend-nest\src\modules\utility\utility.controller.ts
POST,/utility/calculate-price,UtilityController,ApiResponse,C:\Users\Administrator\Desktop\bthwani_git\backend-nest\src\modules\utility\utility.controller.ts
POST,/utility/pricing,UtilityController,ApiResponse,C:\Users\Administrator\Desktop\bthwani_git\backend-nest\src\modules\utility\utility.controller.ts
GET,/utility/pricing,UtilityController,ApiResponse,C:\Users\Administrator\Desktop\bthwani_git\backend-nest\src\modules\utility\utility.controller.ts
GET,/utility/pricing/:city,UtilityController,ApiParam,C:\Users\Administrator\Desktop\bthwani_git\backend-nest\src\modules\utility\utility.controller.ts
PATCH,/utility/pricing/:city,UtilityController,ApiParam,C:\Users\Administrator\Desktop\bthwani_git\backend-nest\src\modules\utility\utility.controller.ts
DELETE,/utility/pricing/:city,UtilityController,ApiParam,C:\Users\Administrator\Desktop\bthwani_git\backend-nest\src\modules\utility\utility.controller.ts
PATCH,/utility/options/gas,UtilityController,ApiBody,C:\Users\Administrator\Desktop\bthwani_git\backend-nest\src\modules\utility\utility.controller.ts
PATCH,/utility/options/water,UtilityController,ApiBody,C:\Users\Administrator\Desktop\bthwani_git\backend-nest\src\modules\utility\utility.controller.ts
GET,/utility/daily,UtilityController,ApiResponse,C:\Users\Administrator\Desktop\bthwani_git\backend-nest\src\modules\utility\utility.controller.ts
POST,/utility/daily,UtilityController,ApiResponse,C:\Users\Administrator\Desktop\bthwani_git\backend-nest\src\modules\utility\utility.controller.ts
DELETE,/utility/daily/:id,UtilityController,ApiParam,C:\Users\Administrator\Desktop\bthwani_git\backend-nest\src\modules\utility\utility.controller.ts
DELETE,/utility/daily,UtilityController,ApiResponse,C:\Users\Administrator\Desktop\bthwani_git\backend-nest\src\modules\utility\utility.controller.ts
POST,/utility/order,UtilityController,ApiResponse,C:\Users\Administrator\Desktop\bthwani_git\backend-nest\src\modules\utility\utility.controller.ts
GET,/utility/orders,UtilityController,ApiResponse,C:\Users\Administrator\Desktop\bthwani_git\backend-nest\src\modules\utility\utility.controller.ts
GET,/utility/order/:id,UtilityController,ApiParam,C:\Users\Administrator\Desktop\bthwani_git\backend-nest\src\modules\utility\utility.controller.ts
PATCH,/utility/order/:id/status,UtilityController,ApiParam,C:\Users\Administrator\Desktop\bthwani_git\backend-nest\src\modules\utility\utility.controller.ts
PATCH,/utility/order/:id/cancel,UtilityController,ApiParam,C:\Users\Administrator\Desktop\bthwani_git\backend-nest\src\modules\utility\utility.controller.ts
POST,/utility/order/:id/rate,UtilityController,ApiParam,C:\Users\Administrator\Desktop\bthwani_git\backend-nest\src\modules\utility\utility.controller.ts
POST,/utility/order/:id/assign-driver,UtilityController,ApiParam,C:\Users\Administrator\Desktop\bthwani_git\backend-nest\src\modules\utility\utility.controller.ts
GET,/utility/admin/orders,UtilityController,ApiQuery,C:\Users\Administrator\Desktop\bthwani_git\backend-nest\src\modules\utility\utility.controller.ts
POST,/vendors,VendorController,ApiResponse,C:\Users\Administrator\Desktop\bthwani_git\backend-nest\src\modules\vendor\vendor.controller.ts
GET,/vendors,VendorController,ApiResponse,C:\Users\Administrator\Desktop\bthwani_git\backend-nest\src\modules\vendor\vendor.controller.ts
GET,/vendors/me,VendorController,ApiResponse,C:\Users\Administrator\Desktop\bthwani_git\backend-nest\src\modules\vendor\vendor.controller.ts
GET,/vendors/:id,VendorController,ApiParam,C:\Users\Administrator\Desktop\bthwani_git\backend-nest\src\modules\vendor\vendor.controller.ts
PATCH,/vendors/me,VendorController,ApiResponse,C:\Users\Administrator\Desktop\bthwani_git\backend-nest\src\modules\vendor\vendor.controller.ts
PATCH,/vendors/:id,VendorController,ApiParam,C:\Users\Administrator\Desktop\bthwani_git\backend-nest\src\modules\vendor\vendor.controller.ts
PATCH,/vendors/:id/status,VendorController,ApiParam,C:\Users\Administrator\Desktop\bthwani_git\backend-nest\src\modules\vendor\vendor.controller.ts
POST,/vendors/:id/reset-password,VendorController,ApiParam,C:\Users\Administrator\Desktop\bthwani_git\backend-nest\src\modules\vendor\vendor.controller.ts
GET,/vendors/dashboard/overview,VendorController,ApiResponse,C:\Users\Administrator\Desktop\bthwani_git\backend-nest\src\modules\vendor\vendor.controller.ts
GET,/vendors/account/statement,VendorController,ApiResponse,C:\Users\Administrator\Desktop\bthwani_git\backend-nest\src\modules\vendor\vendor.controller.ts
GET,/vendors/settlements,VendorController,ApiResponse,C:\Users\Administrator\Desktop\bthwani_git\backend-nest\src\modules\vendor\vendor.controller.ts
POST,/vendors/settlements,VendorController,ApiBody,C:\Users\Administrator\Desktop\bthwani_git\backend-nest\src\modules\vendor\vendor.controller.ts
GET,/vendors/sales,VendorController,ApiResponse,C:\Users\Administrator\Desktop\bthwani_git\backend-nest\src\modules\vendor\vendor.controller.ts
POST,/vendors/account/delete-request,VendorController,ApiBody,C:\Users\Administrator\Desktop\bthwani_git\backend-nest\src\modules\vendor\vendor.controller.ts
GET,/v2/wallet/balance,WalletController,ApiResponse,C:\Users\Administrator\Desktop\bthwani_git\backend-nest\src\modules\wallet\wallet.controller.ts
GET,/v2/wallet/transactions,WalletController,ApiResponse,C:\Users\Administrator\Desktop\bthwani_git\backend-nest\src\modules\wallet\wallet.controller.ts
POST,/v2/wallet/transaction,WalletController,ApiResponse,C:\Users\Administrator\Desktop\bthwani_git\backend-nest\src\modules\wallet\wallet.controller.ts
POST,/v2/wallet/hold,WalletController,ApiResponse,C:\Users\Administrator\Desktop\bthwani_git\backend-nest\src\modules\wallet\wallet.controller.ts
POST,/v2/wallet/release,WalletController,ApiResponse,C:\Users\Administrator\Desktop\bthwani_git\backend-nest\src\modules\wallet\wallet.controller.ts
POST,/v2/wallet/refund,WalletController,ApiResponse,C:\Users\Administrator\Desktop\bthwani_git\backend-nest\src\modules\wallet\wallet.controller.ts
POST,/v2/wallet/topup/kuraimi,WalletController,ApiResponse,C:\Users\Administrator\Desktop\bthwani_git\backend-nest\src\modules\wallet\wallet.controller.ts
POST,/v2/wallet/topup/verify,WalletController,ApiResponse,C:\Users\Administrator\Desktop\bthwani_git\backend-nest\src\modules\wallet\wallet.controller.ts
GET,/v2/wallet/topup/history,WalletController,ApiResponse,C:\Users\Administrator\Desktop\bthwani_git\backend-nest\src\modules\wallet\wallet.controller.ts
GET,/v2/wallet/topup/methods,WalletController,ApiResponse,C:\Users\Administrator\Desktop\bthwani_git\backend-nest\src\modules\wallet\wallet.controller.ts
POST,/v2/wallet/withdraw/request,WalletController,ApiResponse,C:\Users\Administrator\Desktop\bthwani_git\backend-nest\src\modules\wallet\wallet.controller.ts
GET,/v2/wallet/withdraw/my,WalletController,ApiResponse,C:\Users\Administrator\Desktop\bthwani_git\backend-nest\src\modules\wallet\wallet.controller.ts
PATCH,/v2/wallet/withdraw/:id/cancel,WalletController,ApiParam,C:\Users\Administrator\Desktop\bthwani_git\backend-nest\src\modules\wallet\wallet.controller.ts
GET,/v2/wallet/withdraw/methods,WalletController,ApiResponse,C:\Users\Administrator\Desktop\bthwani_git\backend-nest\src\modules\wallet\wallet.controller.ts
POST,/v2/wallet/pay-bill,WalletController,ApiResponse,C:\Users\Administrator\Desktop\bthwani_git\backend-nest\src\modules\wallet\wallet.controller.ts
GET,/v2/wallet/bills,WalletController,ApiResponse,C:\Users\Administrator\Desktop\bthwani_git\backend-nest\src\modules\wallet\wallet.controller.ts
POST,/v2/wallet/transfer,WalletController,ApiResponse,C:\Users\Administrator\Desktop\bthwani_git\backend-nest\src\modules\wallet\wallet.controller.ts
GET,/v2/wallet/transfers,WalletController,ApiResponse,C:\Users\Administrator\Desktop\bthwani_git\backend-nest\src\modules\wallet\wallet.controller.ts
GET,/v2/wallet/transaction/:id,WalletController,ApiParam,C:\Users\Administrator\Desktop\bthwani_git\backend-nest\src\modules\wallet\wallet.controller.ts
POST,/v2/wallet/refund/request,WalletController,ApiResponse,C:\Users\Administrator\Desktop\bthwani_git\backend-nest\src\modules\wallet\wallet.controller.ts