{
  "timestamp": "2025-10-19T13:25:30.061Z",
  "summary": {
    "totalFilesScanned": 665,
    "totalTypedClientUsages": 734,
    "totalRawFetchUsages": 0,
    "totalRawAxiosUsages": 0,
    "compliance": "✅ COMPLIANT"
  },
  "wrapperUsage": {
    "axiosInstance": 96,
    "useAdminAPI": 15,
    "useAdminQuery": 14,
    "useAdminMutation": 5
  },
  "projectBreakdown": [
    {
      "project": "admin-dashboard",
      "filesScanned": 326,
      "typedClientUsages": 349,
      "rawFetchCount": 0,
      "rawAxiosCount": 0,
      "wrappers": {
        "axiosInstance": 23,
        "useAdminAPI": 15,
        "useAdminQuery": 14,
        "useAdminMutation": 5
      }
    },
    {
      "project": "bthwani-web",
      "filesScanned": 134,
      "typedClientUsages": 149,
      "rawFetchCount": 0,
      "rawAxiosCount": 0,
      "wrappers": {
        "axiosInstance": 17
      }
    },
    {
      "project": "app-user",
      "filesScanned": 124,
      "typedClientUsages": 164,
      "rawFetchCount": 0,
      "rawAxiosCount": 0,
      "wrappers": {
        "axiosInstance": 38
      }
    },
    {
      "project": "vendor-app",
      "filesScanned": 37,
      "typedClientUsages": 63,
      "rawFetchCount": 0,
      "rawAxiosCount": 0,
      "wrappers": {
        "axiosInstance": 16
      }
    },
    {
      "project": "rider-app",
      "filesScanned": 18,
      "typedClientUsages": 9,
      "rawFetchCount": 0,
      "rawAxiosCount": 0,
      "wrappers": {
        "axiosInstance": 2
      }
    },
    {
      "project": "field-marketers",
      "filesScanned": 26,
      "typedClientUsages": 0,
      "rawFetchCount": 0,
      "rawAxiosCount": 0,
      "wrappers": {}
    }
  ]
}