{
  "timestamp": "2025-10-22 17:03:00Z",
  "fe_calls": 380,
  "be_endpoints": 984,
  "fe_only": 183,
  "be_only": 635,
  "be_dups": 149,
  "secrets_matches": 81,
  "db_migrations_checked": 0,
  "db_destructive_hits": 0,
  "env_keys": [
    "ADMIN_EMAIL",
    "ADMIN_PASSWORD",
    "API_PREFIX",
    "APP_NAME",
    "APP_VERSION",
    "CACHE_MAX_ITEMS",
    "CACHE_TTL",
    "CORS_ORIGIN",
    "DEFAULT_PAGE_SIZE",
    "ENABLE_TELEMETRY",
    "EXPO_OS",
    "EXPO_PUBLIC_API_BASE_URL",
    "EXPO_PUBLIC_API_URL",
    "EXPO_PUBLIC_GOOGLE_PLACES_KEY",
    "EXPO_PUBLIC_POSTHOG_HOST",
    "EXPO_PUBLIC_POSTHOG_KEY",
    "EXPO_PUBLIC_SENTRY_DSN",
    "FIREBASE_CLIENT_EMAIL",
    "FIREBASE_DATABASE_URL",
    "FIREBASE_PRIVATE_KEY",
    "FIREBASE_PROJECT_ID",
    "FIREBASE_STORAGE_BUCKET",
    "JWT_EXPIRES_IN",
    "JWT_SECRET",
    "LOG_LEVEL",
    "MARKETER_JWT_EXPIRES_IN",
    "MARKETER_JWT_SECRET",
    "MAX_FILE_SIZE",
    "MAX_PAGE_SIZE",
    "MONGODB_URI",
    "NEXT_PUBLIC_API_URL",
    "NODE_ENV",
    "OTEL_EXPORTER_OTLP_ENDPOINT",
    "PORT",
    "PROMETHEUS_PUSHGATEWAY",
    "RATE_LIMIT_MAX",
    "RATE_LIMIT_TTL",
    "REACT_APP_API_URL",
    "REACT_APP_FIREBASE_API_KEY",
    "REACT_APP_FIREBASE_APP_ID",
    "REACT_APP_FIREBASE_AUTH_DOMAIN",
    "REACT_APP_FIREBASE_MESSAGING_SENDER_ID",
    "REACT_APP_FIREBASE_PROJECT_ID",
    "REACT_APP_FIREBASE_STORAGE_BUCKET",
    "REDIS_DB",
    "REDIS_HOST",
    "REDIS_PASSWORD",
    "REDIS_PORT",
    "REFRESH_TOKEN_EXPIRES_IN",
    "REFRESH_TOKEN_SECRET",
    "SENTRY_AUTH_TOKEN",
    "SENTRY_ORG",
    "SENTRY_PROJECT",
    "SERVICE_NAME",
    "VENDOR_JWT_EXPIRES_IN",
    "VENDOR_JWT_SECRET",
    "WEBHOOK_SECRET"
  ]
}